2026-06-12 04:35:53 +0300 - [run_measurements] - INFO - Fetching connected RIPE Atlas probes for country JP
2026-06-12 04:35:53 +0300 - [get_probes] - INFO - Fetching https://atlas.ripe.net/api/v2/probes/?country_code=jp&status_name=Connected
2026-06-12 04:35:54 +0300 - [get_probes] - INFO - Fetching https://atlas.ripe.net/api/v2/probes/?country_code=jp&page=2&status_name=Connected
2026-06-12 04:35:54 +0300 - [get_probes] - INFO - Fetching https://atlas.ripe.net/api/v2/probes/?country_code=jp&page=3&status_name=Connected
2026-06-12 04:35:54 +0300 - [get_probes] - INFO - Fetching https://atlas.ripe.net/api/v2/probes/?country_code=jp&page=4&status_name=Connected
2026-06-12 04:35:54 +0300 - [get_probes] - INFO - Found probe 234 in network 2409:10::/28 (AS 55391)
2026-06-12 04:35:54 +0300 - [get_probes] - INFO - Found probe 2299 in network 2001:df6:a680::/48 (AS 45679)
2026-06-12 04:35:54 +0300 - [get_probes] - INFO - Found probe 3491 in network 2001:240::/32 (AS 2497)
2026-06-12 04:35:54 +0300 - [get_probes] - INFO - Found probe 3739 in network 2001:200::/32 (AS 2500)
2026-06-12 04:35:54 +0300 - [get_probes] - INFO - Found probe 3772 in network 2001:200::/32 (AS 2500)
2026-06-12 04:35:54 +0300 - [get_probes] - INFO - Found probe 6370 in network 2403:bd80::/32 (AS 59105)
2026-06-12 04:35:54 +0300 - [get_probes] - INFO - Found probe 6425 in network 2001:240::/32 (AS 2497)
2026-06-12 04:35:54 +0300 - [get_probes] - INFO - Found probe 6455 in network 2401:c080:1000::/38 (AS 20473)
2026-06-12 04:35:54 +0300 - [get_probes] - INFO - Found probe 6631 in network 2a03:90c0:110::/44 (AS 199524)
2026-06-12 04:35:54 +0300 - [get_probes] - INFO - Found probe 6974 in network 2406:2600:4::/48 (AS 55569)
2026-06-12 04:35:54 +0300 - [get_probes] - INFO - Found probe 6983 in network 2610:a1:3058::/48 (AS 16552)
2026-06-12 04:35:54 +0300 - [get_probes] - INFO - Found probe 7039 in network 2407:b9c0::/36 (AS 142616)
2026-06-12 04:35:54 +0300 - [get_probes] - INFO - Found probe 7080 in network 2400:8800:e000::/35 (AS 3491)
2026-06-12 04:35:54 +0300 - [get_probes] - INFO - Found probe 7433 in network 2402:3160:100::/40 (AS 63806)
2026-06-12 04:35:54 +0300 - [get_probes] - INFO - Found probe 7557 in network 2401:7640:4000::/34 (AS 63771)
2026-06-12 04:35:54 +0300 - [get_probes] - INFO - Found probe 7560 in network 2001:df6:a680::/48 (AS 45679)
2026-06-12 04:35:54 +0300 - [get_probes] - INFO - Found probe 7563 in network 2001:df6:a680::/48 (AS 45679)
2026-06-12 04:35:54 +0300 - [get_probes] - INFO - Found probe 7564 in network 2407:e0c0::/32 (AS 2523)
2026-06-12 04:35:54 +0300 - [get_probes] - INFO - Found probe 7642 in network 2a00:1633::/32 (AS 49544)
2026-06-12 04:35:54 +0300 - [get_probes] - INFO - Found probe 7663 in network 2407:940::/32 (AS 141682)
2026-06-12 04:35:54 +0300 - [get_probes] - INFO - Found probe 11539 in network 2403:4440::/32 (AS 9367)
2026-06-12 04:35:54 +0300 - [get_probes] - INFO - Found probe 12199 in network 2409:10::/28 (AS 55391)
2026-06-12 04:35:54 +0300 - [get_probes] - INFO - Found probe 12782 in network 2001:c90::/32 (AS 9595)
2026-06-12 04:35:54 +0300 - [get_probes] - INFO - Found probe 13821 in network 2401:98a0::/32 (AS 55911)
2026-06-12 04:35:54 +0300 - [get_probes] - INFO - Found probe 14393 in network 240b::/26 (AS 2516)
2026-06-12 04:35:54 +0300 - [get_probes] - INFO - Found probe 14843 in network 2001:2c0::/32 (AS 2514)
2026-06-12 04:35:54 +0300 - [get_probes] - INFO - Found probe 15691 in network 2405:6580::/29 (AS 4685)
2026-06-12 04:35:54 +0300 - [get_probes] - INFO - Found probe 20374 in network 240f:100::/24 (AS 2516)
2026-06-12 04:35:54 +0300 - [get_probes] - INFO - Found probe 22388 in network 240f::/24 (AS 2516)
2026-06-12 04:35:54 +0300 - [get_probes] - INFO - Found probe 25759 in network 2001:240::/32 (AS 2497)
2026-06-12 04:35:54 +0300 - [get_probes] - INFO - Found probe 26804 in network 2409:10::/28 (AS 55391)
2026-06-12 04:35:54 +0300 - [get_probes] - INFO - Found probe 26859 in network 2001:df0:eb::/48 (AS 38635)
2026-06-12 04:35:54 +0300 - [get_probes] - INFO - Found probe 27025 in network 240b::/26 (AS 2516)
2026-06-12 04:35:54 +0300 - [get_probes] - INFO - Found probe 27284 in network 2405:6580::/29 (AS 4685)
2026-06-12 04:35:54 +0300 - [get_probes] - INFO - Found probe 27692 in network 240f:100::/24 (AS 2516)
2026-06-12 04:35:54 +0300 - [get_probes] - INFO - Found probe 28820 in network 2403:bd80::/32 (AS 59105)
2026-06-12 04:35:54 +0300 - [get_probes] - INFO - Found probe 29043 in network 2400:4000::/22 (AS 4713)
2026-06-12 04:35:54 +0300 - [get_probes] - INFO - Found probe 29080 in network 240b::/26 (AS 2516)
2026-06-12 04:35:54 +0300 - [get_probes] - INFO - Found probe 30306 in network 2001:df0:8500::/48 (AS 59128)
2026-06-12 04:35:54 +0300 - [get_probes] - INFO - Found probe 31111 in network 2001:df0:8500::/48 (AS 59128)
2026-06-12 04:35:54 +0300 - [get_probes] - INFO - Found probe 32172 in network 2409:250::/28 (AS 55392)
2026-06-12 04:35:54 +0300 - [get_probes] - INFO - Found probe 33022 in network 2403:7800::/32 (AS 10010)
2026-06-12 04:35:54 +0300 - [get_probes] - INFO - Found probe 33107 in network 2400:2000::/20 (AS 17676)
2026-06-12 04:35:54 +0300 - [get_probes] - INFO - Found probe 34380 in network 2001:348::/32 (AS 7679)
2026-06-12 04:35:54 +0300 - [get_probes] - INFO - Found probe 34513 in network 240f::/24 (AS 2516)
2026-06-12 04:35:54 +0300 - [get_probes] - INFO - Found probe 34665 in network 2405:1200:c000::/34 (AS 9824)
2026-06-12 04:35:54 +0300 - [get_probes] - INFO - Found probe 50079 in network 240d::/27 (AS 2527)
2026-06-12 04:35:54 +0300 - [get_probes] - INFO - Found probe 50106 in network 2001:200::/32 (AS 2500)
2026-06-12 04:35:54 +0300 - [get_probes] - INFO - Found probe 50304 in network 2405:1201:4000::/34 (AS 9824)
2026-06-12 04:35:54 +0300 - [get_probes] - INFO - Found probe 50366 in network 2400:4000::/22 (AS 4713)
2026-06-12 04:35:54 +0300 - [get_probes] - INFO - Found probe 50385 in network 2001:ce8::/32 (AS 17511)
2026-06-12 04:35:54 +0300 - [get_probes] - INFO - Found probe 50417 in network 2001:298::/32 (AS 9600)
2026-06-12 04:35:54 +0300 - [get_probes] - INFO - Found probe 50447 in network 2409:10::/28 (AS 55391)
2026-06-12 04:35:54 +0300 - [get_probes] - INFO - Found probe 50499 in network 240f:100::/24 (AS 2516)
2026-06-12 04:35:54 +0300 - [get_probes] - INFO - Found probe 50501 in network 2400:4000::/22 (AS 4713)
2026-06-12 04:35:54 +0300 - [get_probes] - INFO - Found probe 51221 in network 2001:fa8::/32 (AS 4697)
2026-06-12 04:35:54 +0300 - [get_probes] - INFO - Found probe 51329 in network 240f::/24 (AS 2516)
2026-06-12 04:35:54 +0300 - [get_probes] - INFO - Found probe 51663 in network 2409:10::/28 (AS 55391)
2026-06-12 04:35:54 +0300 - [get_probes] - INFO - Found probe 52030 in network 240b::/26 (AS 2516)
2026-06-12 04:35:54 +0300 - [get_probes] - INFO - Found probe 52158 in network 2409:250::/28 (AS 55392)
2026-06-12 04:35:54 +0300 - [get_probes] - INFO - Found probe 52625 in network 2405:6580::/29 (AS 4685)
2026-06-12 04:35:54 +0300 - [get_probes] - INFO - Found probe 52844 in network 2400:4000::/22 (AS 4713)
2026-06-12 04:35:54 +0300 - [get_probes] - INFO - Found probe 53163 in network 2405:6580::/29 (AS 4685)
2026-06-12 04:35:54 +0300 - [get_probes] - INFO - Found probe 53502 in network 2001:f70::/29 (AS 2519)
2026-06-12 04:35:54 +0300 - [get_probes] - INFO - Found probe 53906 in network 240b::/26 (AS 2516)
2026-06-12 04:35:54 +0300 - [get_probes] - INFO - Found probe 54316 in network 240b::/26 (AS 2516)
2026-06-12 04:35:54 +0300 - [get_probes] - INFO - Found probe 54575 in network 2403:4440::/32 (AS 9367)
2026-06-12 04:35:54 +0300 - [get_probes] - INFO - Found probe 54893 in network 240b:240::/26 (AS 2516)
2026-06-12 04:35:54 +0300 - [get_probes] - INFO - Found probe 55091 in network 240d::/27 (AS 2527)
2026-06-12 04:35:54 +0300 - [get_probes] - INFO - Found probe 55479 in network 2001:2c0::/32 (AS 2514)
2026-06-12 04:35:54 +0300 - [get_probes] - INFO - Found probe 55494 in network 2001:ce8::/32 (AS 17511)
2026-06-12 04:35:54 +0300 - [get_probes] - INFO - Found probe 60306 in network 2001:2f8::/32 (AS 2907)
2026-06-12 04:35:54 +0300 - [get_probes] - INFO - Found probe 60782 in network 2405:6580::/29 (AS 4685)
2026-06-12 04:35:54 +0300 - [get_probes] - INFO - Found probe 60865 in network 2404:7a80::/29 (AS 2518)
2026-06-12 04:35:54 +0300 - [get_probes] - INFO - Found probe 60869 in network 2406:7ec0:1000::/48 (AS 150325)
2026-06-12 04:35:54 +0300 - [get_probes] - INFO - Found probe 61328 in network 2402:6b00::/32 (AS 18126)
2026-06-12 04:35:54 +0300 - [get_probes] - INFO - Found probe 61391 in network 2001:f70::/29 (AS 2519)
2026-06-12 04:35:54 +0300 - [get_probes] - INFO - Found probe 61424 in network 2409:250::/28 (AS 55392)
2026-06-12 04:35:54 +0300 - [get_probes] - INFO - Found probe 61431 in network 2402:6b00::/32 (AS 18126)
2026-06-12 04:35:54 +0300 - [get_probes] - INFO - Found probe 61645 in network 2001:470::/32 (AS 6939)
2026-06-12 04:35:54 +0300 - [get_probes] - INFO - Found probe 62268 in network 2405:1203:4000::/34 (AS 9824)
2026-06-12 04:35:54 +0300 - [get_probes] - INFO - Found probe 62326 in network 2400:4000::/22 (AS 4713)
2026-06-12 04:35:54 +0300 - [get_probes] - INFO - Found probe 65361 in network 2001:dc0::/35 (AS 4777)
2026-06-12 04:35:54 +0300 - [get_probes] - INFO - Found probe 65595 in network 2401:4d44::/30 (AS 131925)
2026-06-12 04:35:54 +0300 - [get_probes] - INFO - Found probe 1000167 in network 2400:8500:1000::/36 (AS 7506)
2026-06-12 04:35:54 +0300 - [get_probes] - INFO - Found probe 1001323 in network 2602:feda:c50::/48 (AS 212425)
2026-06-12 04:35:54 +0300 - [get_probes] - INFO - Found probe 1002023 in network 2001:df3:2680::/48 (AS 134351)
2026-06-12 04:35:54 +0300 - [get_probes] - INFO - Found probe 1002678 in network 2603:c023::/35 (AS 31898)
2026-06-12 04:35:54 +0300 - [get_probes] - INFO - Found probe 1003380 in network 2406:da16:c00::/38 (AS 16509)
2026-06-12 04:35:54 +0300 - [get_probes] - INFO - Found probe 1003384 in network 2406:da14::/35 (AS 16509)
2026-06-12 04:35:54 +0300 - [get_probes] - INFO - Found probe 1003730 in network 2405:5340::/32 (AS 63781)
2026-06-12 04:35:54 +0300 - [get_probes] - INFO - Found probe 1003895 in network 2400:8902::/32 (AS 63949)
2026-06-12 04:35:54 +0300 - [get_probes] - INFO - Found probe 1003967 in network 2405:6580::/29 (AS 4685)
2026-06-12 04:35:54 +0300 - [get_probes] - INFO - Found probe 1003990 in network 2603:c021:8000::/35 (AS 31898)
2026-06-12 04:35:54 +0300 - [get_probes] - INFO - Found probe 1003991 in network 2603:c023::/35 (AS 31898)
2026-06-12 04:35:54 +0300 - [get_probes] - INFO - Found probe 1004049 in network 2001:19f0:7000::/38 (AS 20473)
2026-06-12 04:35:54 +0300 - [get_probes] - INFO - Found probe 1004110 in network 2603:c021:8000::/35 (AS 31898)
2026-06-12 04:35:54 +0300 - [get_probes] - INFO - Found probe 1004219 in network 2001:f70::/29 (AS 2519)
2026-06-12 04:35:54 +0300 - [get_probes] - INFO - Found probe 1004354 in network 2001:f70::/29 (AS 2519)
2026-06-12 04:35:54 +0300 - [get_probes] - INFO - Found probe 1004402 in network 2001:f70::/29 (AS 2519)
2026-06-12 04:35:54 +0300 - [get_probes] - INFO - Found probe 1004731 in network 240d::/27 (AS 2527)
2026-06-12 04:35:54 +0300 - [get_probes] - INFO - Found probe 1004919 in network 2400:2000::/20 (AS 17676)
2026-06-12 04:35:54 +0300 - [get_probes] - INFO - Found probe 1005457 in network 2400:2000::/20 (AS 17676)
2026-06-12 04:35:54 +0300 - [get_probes] - INFO - Found probe 1005590 in network 2400:8902::/32 (AS 63949)
2026-06-12 04:35:54 +0300 - [get_probes] - INFO - Found probe 1005742 in network 240b:4009::/33 (AS 45102)
2026-06-12 04:35:54 +0300 - [get_probes] - INFO - Found probe 1005888 in network 2409:10::/28 (AS 55391)
2026-06-12 04:35:54 +0300 - [get_probes] - INFO - Found probe 1005891 in network 2409:10::/28 (AS 55391)
2026-06-12 04:35:54 +0300 - [get_probes] - INFO - Found probe 1005892 in network 2409:10::/28 (AS 55391)
2026-06-12 04:35:54 +0300 - [get_probes] - INFO - Found probe 1005893 in network 2409:10::/28 (AS 55391)
2026-06-12 04:35:54 +0300 - [get_probes] - INFO - Found probe 1006002 in network 2400:c7e0::/32 (AS 63797)
2026-06-12 04:35:54 +0300 - [get_probes] - INFO - Found probe 1006012 in network 2001:470::/32 (AS 6939)
2026-06-12 04:35:54 +0300 - [get_probes] - INFO - Found probe 1006070 in network 2404:7a80::/29 (AS 2518)
2026-06-12 04:35:54 +0300 - [get_probes] - INFO - Found probe 1006511 in network 2602:fd6f:20::/44 (AS 18526)
2026-06-12 04:35:54 +0300 - [get_probes] - INFO - Found probe 1006609 in network 240b:c000::/24 (AS 138384)
2026-06-12 04:35:54 +0300 - [get_probes] - INFO - Found probe 1007320 in network 2404:7a80::/29 (AS 2518)
2026-06-12 04:35:54 +0300 - [get_probes] - INFO - Found probe 1007464 in network 240b::/26 (AS 2516)
2026-06-12 04:35:54 +0300 - [get_probes] - INFO - Found probe 1007581 in network 2404:7a80::/29 (AS 2518)
2026-06-12 04:35:54 +0300 - [get_probes] - INFO - Found probe 1007612 in network 2001:ce8::/32 (AS 17511)
2026-06-12 04:35:54 +0300 - [get_probes] - INFO - Found probe 1007621 in network 2409:10::/28 (AS 55391)
2026-06-12 04:35:54 +0300 - [get_probes] - INFO - Found probe 1008159 in network 2400:ddc0:c000::/36 (AS 4785)
2026-06-12 04:35:54 +0300 - [get_probes] - INFO - Found probe 1008206 in network 2400:2000::/20 (AS 17676)
2026-06-12 04:35:54 +0300 - [get_probes] - INFO - Found probe 1008224 in network 2405:6580::/29 (AS 4685)
2026-06-12 04:35:54 +0300 - [get_probes] - INFO - Found probe 1008545 in network 2400:4000::/22 (AS 4713)
2026-06-12 04:35:54 +0300 - [get_probes] - INFO - Found probe 1008990 in network 2409:10::/28 (AS 55391)
2026-06-12 04:35:54 +0300 - [get_probes] - INFO - Found probe 1009070 in network 2001:ce8::/32 (AS 17511)
2026-06-12 04:35:54 +0300 - [get_probes] - INFO - Found probe 1009116 in network 2406:2d40:3000::/40 (AS 14593)
2026-06-12 04:35:54 +0300 - [get_probes] - INFO - Found probe 1009353 in network 2a12:a305::/32 (AS 3258)
2026-06-12 04:35:54 +0300 - [get_probes] - INFO - Found probe 1009506 in network 2406:8c00::/32 (AS 24282)
2026-06-12 04:35:54 +0300 - [get_probes] - INFO - Found probe 1009516 in network 2402:3160:100::/40 (AS 63806)
2026-06-12 04:35:54 +0300 - [get_probes] - INFO - Found probe 1009771 in network 2400:4000::/22 (AS 4713)
2026-06-12 04:35:54 +0300 - [get_probes] - INFO - Found probe 1010148 in network 2a02:6ea0:d300::/40 (AS 60068)
2026-06-12 04:35:54 +0300 - [get_probes] - INFO - Found probe 1010359 in network 2407:9900::/36 (AS 131971)
2026-06-12 04:35:54 +0300 - [get_probes] - INFO - Found probe 1010361 in network 2407:9900:2000::/36 (AS 131971)
2026-06-12 04:35:54 +0300 - [get_probes] - INFO - Found probe 1010741 in network 2406:da14::/35 (AS 16509)
2026-06-12 04:35:54 +0300 - [get_probes] - INFO - Found probe 1010887 in network 2400:8902::/32 (AS 63949)
2026-06-12 04:35:54 +0300 - [get_probes] - INFO - Found probe 1011110 in network 2a0b:4e07:310::/44 (AS 214675)
2026-06-12 04:35:54 +0300 - [get_probes] - INFO - Found probe 1011295 in network 2001:310::/32 (AS 4694)
2026-06-12 04:35:54 +0300 - [get_probes] - INFO - Found probe 1011375 in network 240b:4009::/33 (AS 45102)
2026-06-12 04:35:54 +0300 - [get_probes] - INFO - Found probe 1011387 in network 2401:d560::/32 (AS 134351)
2026-06-12 04:35:54 +0300 - [get_probes] - INFO - Found probe 1011490 in network 2400:4000::/22 (AS 4713)
2026-06-12 04:35:54 +0300 - [get_probes] - INFO - Found probe 1011557 in network 2401:3fa0:11b::/48 (AS 152184)
2026-06-12 04:35:54 +0300 - [get_probes] - INFO - Found probe 1011587 in network 2401:3fa0:111::/48 (AS 152184)
2026-06-12 04:35:54 +0300 - [get_probes] - INFO - Found probe 1011589 in network 2a0a:6040:9700::/40 (AS 149020)
2026-06-12 04:35:54 +0300 - [get_probes] - INFO - Found probe 1011841 in network 2603:c021:8000::/35 (AS 31898)
2026-06-12 04:35:54 +0300 - [get_probes] - INFO - Found probe 1011869 in network 2405:6580::/29 (AS 4685)
2026-06-12 04:35:54 +0300 - [get_probes] - INFO - Found probe 1012176 in network 2607:fdc0:300::/42 (AS 20326)
2026-06-12 04:35:54 +0300 - [get_probes] - INFO - Found probe 1012227 in network 2603:c021:8000::/35 (AS 31898)
2026-06-12 04:35:54 +0300 - [get_probes] - INFO - Found probe 1012750 in network 2602:feda:60::/44 (AS 46997)
2026-06-12 04:35:54 +0300 - [get_probes] - INFO - Found probe 1012863 in network 2400:d320::/32 (AS 141995)
2026-06-12 04:35:54 +0300 - [get_probes] - INFO - Found probe 1012979 in network 2603:c021:8000::/35 (AS 31898)
2026-06-12 04:35:54 +0300 - [get_probes] - INFO - Found probe 1013000 in network 2001:470::/32 (AS 6939)
2026-06-12 04:35:54 +0300 - [get_probes] - INFO - Found probe 1013167 in network 2402:2f60::/32 (AS 152873)
2026-06-12 04:35:54 +0300 - [get_probes] - INFO - Found probe 1013217 in network 2400:8500:1000::/36 (AS 7506)
2026-06-12 04:35:54 +0300 - [get_probes] - INFO - Found probe 1013257 in network 2403:71c0:2000::/48 (AS 3258)
2026-06-12 04:35:54 +0300 - [get_probes] - INFO - Found probe 1013597 in network 240f::/24 (AS 2516)
2026-06-12 04:35:54 +0300 - [get_probes] - INFO - Found probe 1013709 in network 2403:71c0:2000::/48 (AS 3258)
2026-06-12 04:35:54 +0300 - [get_probes] - INFO - Found probe 1013710 in network 2a12:a304::/32 (AS 3258)
2026-06-12 04:35:54 +0300 - [get_probes] - INFO - Found probe 1013732 in network 2400:d320::/32 (AS 141995)
2026-06-12 04:35:54 +0300 - [get_probes] - INFO - Found probe 1013796 in network 2404:7a80::/29 (AS 2518)
2026-06-12 04:35:54 +0300 - [get_probes] - INFO - Found probe 1013906 in network 2409:10::/28 (AS 55391)
2026-06-12 04:35:54 +0300 - [get_probes] - INFO - Found probe 1014032 in network 240f::/24 (AS 2516)
2026-06-12 04:35:54 +0300 - [get_probes] - INFO - Found probe 1014094 in network 2403:71c0:2000::/48 (AS 3258)
2026-06-12 04:35:54 +0300 - [get_probes] - INFO - Found probe 1014213 in network 2001:49f0:d0d9::/48 (AS 30058)
2026-06-12 04:35:54 +0300 - [get_probes] - INFO - Found probe 1014218 in network 2a12:a304::/32 (AS 3258)
2026-06-12 04:35:54 +0300 - [get_probes] - INFO - Found probe 1014289 in network 2409:10::/28 (AS 55391)
2026-06-12 04:35:54 +0300 - [get_probes] - INFO - Found probe 1014409 in network 2600:3c18::/32 (AS 63949)
2026-06-12 04:35:54 +0300 - [get_probes] - INFO - Found probe 1014410 in network 2600:3c18::/32 (AS 63949)
2026-06-12 04:35:54 +0300 - [get_probes] - INFO - Found probe 1014411 in network 2400:8905::/32 (AS 63949)
2026-06-12 04:35:54 +0300 - [get_probes] - INFO - Found probe 1014412 in network 2600:3c18::/32 (AS 63949)
2026-06-12 04:35:54 +0300 - [get_probes] - INFO - Found probe 1014430 in network 2602:fa4f:a30::/48 (AS 61112)
2026-06-12 04:35:54 +0300 - [get_probes] - INFO - Found probe 1014883 in network 2001:3b0::/32 (AS 17529)
2026-06-12 04:35:54 +0300 - [get_probes] - INFO - Found probe 1014959 in network 2001:f70::/29 (AS 2519)
2026-06-12 04:35:54 +0300 - [get_probes] - INFO - Found probe 1015099 in network 2607:fa98:4000::/36 (AS 22439)
2026-06-12 04:35:54 +0300 - [get_probes] - INFO - Found probe 1015148 in network 2400:4000::/22 (AS 4713)
2026-06-12 04:35:54 +0300 - [get_probes] - INFO - Found probe 1015337 in network 2607:8700:3400::/48 (AS 25820)
2026-06-12 04:35:54 +0300 - [get_probes] - INFO - Found probe 1015699 in network 2404:ff80:1001::/48 (AS 64096)
2026-06-12 04:35:54 +0300 - [get_probes] - INFO - Found probe 1015709 in network 2400:4000::/22 (AS 4713)
2026-06-12 04:35:54 +0300 - [get_probes] - INFO - Found probe 1015719 in network 2401:c080:1000::/38 (AS 20473)
2026-06-12 04:35:54 +0300 - [get_probes] - INFO - Found probe 1015720 in network 2401:c080:3800::/38 (AS 20473)
2026-06-12 04:35:54 +0300 - [get_probes] - INFO - Found probe 1015744 in network 2400:5320::/48 (AS 146979)
2026-06-12 04:35:54 +0300 - [get_probes] - INFO - Found probe 1015749 in network 2001:e40::/30 (AS 9370)
2026-06-12 04:35:54 +0300 - [get_probes] - INFO - Found probe 1015752 in network 2400:5320::/48 (AS 146979)
2026-06-12 04:35:54 +0300 - [get_probes] - INFO - Found probe 1015757 in network 2405:1202::/34 (AS 9824)
2026-06-12 04:35:54 +0300 - [get_probes] - INFO - Found probe 1015826 in network 240b::/26 (AS 2516)
2026-06-12 04:35:54 +0300 - [get_probes] - INFO - Found probe 1015881 in network 240b::/26 (AS 2516)
2026-06-12 04:35:54 +0300 - [get_probes] - INFO - Found probe 1015919 in network 2a12:a303:11a::/48 (AS 3258)
2026-06-12 04:35:54 +0300 - [get_probes] - INFO - Found probe 1015950 in network 2401:2500::/32 (AS 7684)
2026-06-12 04:35:54 +0300 - [get_probes] - INFO - Found probe 1015951 in network 2403:3a00::/32 (AS 9371)
2026-06-12 04:35:54 +0300 - [get_probes] - INFO - Found probe 1015960 in network 240b:4009::/33 (AS 45102)
2026-06-12 04:35:54 +0300 - [run_measurements] - INFO - Found 189 probes in IPv6 networks distributed across 77 ASNs in JP
2026-06-12 04:35:54 +0300 - [measure] - INFO - Creating a measurement which will ping valid.rpki.cloudflare.com from probes 3491,6425,25759
2026-06-12 04:35:54 +0300 - [measure] - INFO - Creating a measurement which will ping invalid.rpki.cloudflare.com from probes 3491,6425,25759
2026-06-12 04:35:54 +0300 - [measure] - INFO - Creating a measurement which will ping valid.rpki.cloudflare.com from probes 3739,3772,50106
2026-06-12 04:35:54 +0300 - [measure] - INFO - Creating a measurement which will ping invalid.rpki.cloudflare.com from probes 3739,3772,50106
2026-06-12 04:35:54 +0300 - [measure] - INFO - Creating a measurement which will ping valid.rpki.cloudflare.com from probes 14843,55479
2026-06-12 04:35:54 +0300 - [measure] - INFO - Creating a measurement which will ping invalid.rpki.cloudflare.com from probes 14843,55479
2026-06-12 04:35:54 +0300 - [measure] - INFO - Creating a measurement which will ping valid.rpki.cloudflare.com from probes 14393,20374,22388,27025,27692,29080,34513,50499,51329,52030,53906,54316,54893,1007464,1013597,1014032,1015826,1015881
2026-06-12 04:35:54 +0300 - [measure] - INFO - Creating a measurement which will ping invalid.rpki.cloudflare.com from probes 14393,20374,22388,27025,27692,29080,34513,50499,51329,52030,53906,54316,54893,1007464,1013597,1014032,1015826,1015881
2026-06-12 04:35:54 +0300 - [measure] - INFO - Creating a measurement which will ping valid.rpki.cloudflare.com from probes 60865,1006070,1007320,1007581,1013796
2026-06-12 04:35:54 +0300 - [measure] - INFO - Creating a measurement which will ping invalid.rpki.cloudflare.com from probes 60865,1006070,1007320,1007581,1013796
2026-06-12 04:35:54 +0300 - [measure] - INFO - Creating a measurement which will ping valid.rpki.cloudflare.com from probes 53502,61391,1004219,1004354,1004402,1014959
2026-06-12 04:35:54 +0300 - [measure] - INFO - Creating a measurement which will ping invalid.rpki.cloudflare.com from probes 53502,61391,1004219,1004354,1004402,1014959
2026-06-12 04:35:54 +0300 - [measure] - INFO - Creating a measurement which will ping valid.rpki.cloudflare.com from probes 7564
2026-06-12 04:35:54 +0300 - [measure] - INFO - Creating a measurement which will ping invalid.rpki.cloudflare.com from probes 7564
2026-06-12 04:35:54 +0300 - [measure] - INFO - Creating a measurement which will ping valid.rpki.cloudflare.com from probes 50079,55091,1004731
2026-06-12 04:35:54 +0300 - [measure] - INFO - Creating a measurement which will ping invalid.rpki.cloudflare.com from probes 50079,55091,1004731
2026-06-12 04:35:54 +0300 - [measure] - INFO - Creating a measurement which will ping valid.rpki.cloudflare.com from probes 60306
2026-06-12 04:35:54 +0300 - [measure] - INFO - Creating a measurement which will ping invalid.rpki.cloudflare.com from probes 60306
2026-06-12 04:35:54 +0300 - [measure] - INFO - Creating a measurement which will ping valid.rpki.cloudflare.com from probes 1009353,1013257,1013709,1013710,1014094,1014218,1015919
2026-06-12 04:35:54 +0300 - [measure] - INFO - Creating a measurement which will ping invalid.rpki.cloudflare.com from probes 1009353,1013257,1013709,1013710,1014094,1014218,1015919
2026-06-12 04:44:10 +0300 - [measure] - INFO - Measurement status for ping target valid.rpki.cloudflare.com from 1009353,1013257,1013709,1013710,1014094,1014218,1015919 returned Stopped. Fetch the results.
2026-06-12 04:44:10 +0300 - [measure] - INFO - Measurement status for ping target valid.rpki.cloudflare.com from 53502,61391,1004219,1004354,1004402,1014959 returned Stopped. Fetch the results.
2026-06-12 04:44:10 +0300 - [measure] - INFO - Measurement status for ping target valid.rpki.cloudflare.com from 3739,3772,50106 returned Stopped. Fetch the results.
2026-06-12 04:44:10 +0300 - [measure] - INFO - Measurement status for ping target valid.rpki.cloudflare.com from 60306 returned Stopped. Fetch the results.
2026-06-12 04:44:10 +0300 - [measure] - INFO - Measurement status for ping target invalid.rpki.cloudflare.com from 3491,6425,25759 returned Stopped. Fetch the results.
2026-06-12 04:44:10 +0300 - [measure] - INFO - Measurement status for ping target invalid.rpki.cloudflare.com from 50079,55091,1004731 returned Stopped. Fetch the results.
2026-06-12 04:44:10 +0300 - [measure] - INFO - Measurement status for ping target invalid.rpki.cloudflare.com from 3739,3772,50106 returned Stopped. Fetch the results.
2026-06-12 04:44:10 +0300 - [measure] - INFO - Measurement status for ping target valid.rpki.cloudflare.com from 7564 returned Stopped. Fetch the results.
2026-06-12 04:44:10 +0300 - [measure] - INFO - Probe 1004219 with src addr 2001:f71:3ec1:7000:aab8:e0ff:fe07:8619 sent 3 packets to valid.rpki.cloudflare.com and got 3 replies
2026-06-12 04:44:10 +0300 - [measure] - INFO - Probe 1004354 with src addr 2001:f70:ef80:6800:24b0:7fff:fef2:c03e sent 3 packets to valid.rpki.cloudflare.com and got 3 replies
2026-06-12 04:44:10 +0300 - [measure] - INFO - Probe 53502 with src addr 2001:f76:2440:1b00:1:e7ff:fe4f:4a66 sent 3 packets to valid.rpki.cloudflare.com and got 3 replies
2026-06-12 04:44:10 +0300 - [measure] - INFO - Probe 1004402 with src addr 2001:f72:d300:2600:1266:6aff:fe24:b0ff sent 3 packets to valid.rpki.cloudflare.com and got 3 replies
2026-06-12 04:44:10 +0300 - [measure] - INFO - Probe 1014959 with src addr 2001:f76:1c60:3702:10:2:0:1 sent 3 packets to valid.rpki.cloudflare.com and got 3 replies
2026-06-12 04:44:10 +0300 - [measure] - INFO - Probe 61391 with src addr 2001:f71:ba0:1000:da58:d7ff:fe03:6e5 sent 3 packets to valid.rpki.cloudflare.com and got 3 replies
2026-06-12 04:44:10 +0300 - [measure] - INFO - Creating a measurement which will ping valid.rpki.cloudflare.com from probes 7080
2026-06-12 04:44:10 +0300 - [measure] - INFO - Probe 50106 with src addr 2001:200:0:6820:203:178:135:142 sent 3 packets to valid.rpki.cloudflare.com and got 3 replies
2026-06-12 04:44:10 +0300 - [measure] - INFO - Probe 3739 with src addr 2001:200:0:9401:280:a3ff:fe91:406c sent 3 packets to valid.rpki.cloudflare.com and got 3 replies
2026-06-12 04:44:10 +0300 - [measure] - INFO - Probe 1009353 with src addr 2a12:a305::15 sent 3 packets to valid.rpki.cloudflare.com and got 3 replies
2026-06-12 04:44:10 +0300 - [measure] - INFO - Probe 1013257 with src addr 2403:71c0:2000:11f5::a sent 3 packets to valid.rpki.cloudflare.com and got 3 replies
2026-06-12 04:44:10 +0300 - [measure] - INFO - Probe 1013710 with src addr 2a12:a304:4:15d::35 sent 3 packets to valid.rpki.cloudflare.com and got 3 replies
2026-06-12 04:44:10 +0300 - [measure] - INFO - Probe 1013709 with src addr 2403:71c0:2000:1159::44 sent 3 packets to valid.rpki.cloudflare.com and got 3 replies
2026-06-12 04:44:10 +0300 - [measure] - INFO - Creating a measurement which will ping invalid.rpki.cloudflare.com from probes 7080
2026-06-12 04:44:10 +0300 - [measure] - INFO - Creating a measurement which will ping valid.rpki.cloudflare.com from probes 15691,27284,52625,53163,60782,1003967,1008224,1011869
2026-06-12 04:44:10 +0300 - [measure] - INFO - Probe 60306 with src addr 2001:2f8:1c:a504:da58:d7ff:fe03:1aa sent 3 packets to valid.rpki.cloudflare.com and got 3 replies
2026-06-12 04:44:10 +0300 - [measure] - INFO - Measurement status for ping target invalid.rpki.cloudflare.com from 14843,55479 returned Stopped. Fetch the results.
2026-06-12 04:44:10 +0300 - [measure] - INFO - Creating a measurement which will ping invalid.rpki.cloudflare.com from probes 15691,27284,52625,53163,60782,1003967,1008224,1011869
2026-06-12 04:44:10 +0300 - [measure] - INFO - Probe 25759 with src addr 2001:240:12b:1000::33 sent 3 packets to invalid.rpki.cloudflare.com and got 0 replies
2026-06-12 04:44:10 +0300 - [measure] - INFO - Probe 6425 with src addr 2001:240:1e00:3a00::16 sent 3 packets to invalid.rpki.cloudflare.com and got 0 replies
2026-06-12 04:44:10 +0300 - [measure] - INFO - Creating a measurement which will ping valid.rpki.cloudflare.com from probes 1011295
2026-06-12 04:44:10 +0300 - [measure] - INFO - Probe 50106 with src addr 2001:200:0:6820:203:178:135:142 sent 3 packets to invalid.rpki.cloudflare.com and got 3 replies
2026-06-12 04:44:10 +0300 - [measure] - INFO - Probe 3739 with src addr 2001:200:0:9401:280:a3ff:fe91:406c sent 3 packets to invalid.rpki.cloudflare.com and got 3 replies
2026-06-12 04:44:10 +0300 - [measure] - INFO - Creating a measurement which will ping invalid.rpki.cloudflare.com from probes 1011295
2026-06-12 04:44:10 +0300 - [measure] - INFO - Probe 1004731 with src addr 240d:1a:51a:5a00:c344:bf48:9d5d:83eb sent 3 packets to invalid.rpki.cloudflare.com and got 3 replies
2026-06-12 04:44:10 +0300 - [measure] - INFO - Probe 50079 with src addr dd0e:da48:23b5:0:1:4ff:fe39:aa05 sent 3 packets to invalid.rpki.cloudflare.com and got 3 replies
2026-06-12 04:44:10 +0300 - [measure] - INFO - Probe 55091 with src addr 240d:1a:39:5800:1:75ff:fe9d:5ad sent 3 packets to invalid.rpki.cloudflare.com and got 3 replies
2026-06-12 04:44:10 +0300 - [measure] - INFO - Creating a measurement which will ping valid.rpki.cloudflare.com from probes 51221
2026-06-12 04:44:10 +0300 - [measure] - INFO - Measurement status for ping target invalid.rpki.cloudflare.com from 53502,61391,1004219,1004354,1004402,1014959 returned Stopped. Fetch the results.
2026-06-12 04:44:10 +0300 - [measure] - INFO - Measurement status for ping target invalid.rpki.cloudflare.com from 7564 returned Stopped. Fetch the results.
2026-06-12 04:44:10 +0300 - [measure] - INFO - Probe 14843 with src addr 2001:2c0:ce03:c606:6666:b3ff:feb0:ec9e sent 3 packets to invalid.rpki.cloudflare.com and got 3 replies
2026-06-12 04:44:10 +0300 - [measure] - INFO - Probe 55479 with src addr 2001:2c0:cc0a:1e00:1:1aff:fe0c:baab sent 0 packets to invalid.rpki.cloudflare.com and got 0 replies
2026-06-12 04:44:10 +0300 - [measure] - INFO - Creating a measurement which will ping invalid.rpki.cloudflare.com from probes 51221
2026-06-12 04:44:10 +0300 - [measure] - INFO - Probe 7564 with src addr 2407:e0c0:101:2000::4 sent 3 packets to invalid.rpki.cloudflare.com and got 3 replies
2026-06-12 04:44:10 +0300 - [measure] - INFO - Creating a measurement which will ping valid.rpki.cloudflare.com from probes 29043,50366,50501,52844,62326,1008545,1009771,1011490,1015148,1015709
2026-06-12 04:44:10 +0300 - [measure] - INFO - Probe 1004219 with src addr 2001:f71:3ec1:7000:aab8:e0ff:fe07:8619 sent 3 packets to invalid.rpki.cloudflare.com and got 3 replies
2026-06-12 04:44:10 +0300 - [measure] - INFO - Probe 1004354 with src addr 2001:f70:ef80:6800:24b0:7fff:fef2:c03e sent 3 packets to invalid.rpki.cloudflare.com and got 3 replies
2026-06-12 04:44:10 +0300 - [measure] - INFO - Probe 53502 with src addr 2001:f76:2440:1b00:1:e7ff:fe4f:4a66 sent 3 packets to invalid.rpki.cloudflare.com and got 3 replies
2026-06-12 04:44:10 +0300 - [measure] - INFO - Probe 1004402 with src addr 2001:f72:d300:2600:1266:6aff:fe24:b0ff sent 3 packets to invalid.rpki.cloudflare.com and got 3 replies
2026-06-12 04:44:10 +0300 - [measure] - INFO - Probe 1014959 with src addr 2001:f76:1c60:3702:10:2:0:1 sent 3 packets to invalid.rpki.cloudflare.com and got 3 replies
2026-06-12 04:44:10 +0300 - [measure] - INFO - Probe 61391 with src addr 2001:f71:ba0:1000:da58:d7ff:fe03:6e5 sent 3 packets to invalid.rpki.cloudflare.com and got 3 replies
2026-06-12 04:44:10 +0300 - [measure] - INFO - Creating a measurement which will ping invalid.rpki.cloudflare.com from probes 29043,50366,50501,52844,62326,1008545,1009771,1011490,1015148,1015709
2026-06-12 04:44:11 +0300 - [measure] - INFO - Measurement status for ping target valid.rpki.cloudflare.com from 14843,55479 returned Stopped. Fetch the results.
2026-06-12 04:44:11 +0300 - [measure] - INFO - Measurement status for ping target valid.rpki.cloudflare.com from 50079,55091,1004731 returned Stopped. Fetch the results.
2026-06-12 04:44:11 +0300 - [measure] - INFO - Probe 14843 with src addr 2001:2c0:ce03:c606:6666:b3ff:feb0:ec9e sent 3 packets to valid.rpki.cloudflare.com and got 3 replies
2026-06-12 04:44:11 +0300 - [measure] - INFO - Probe 55479 with src addr 2001:2c0:cc0a:1e00:1:1aff:fe0c:baab sent 0 packets to valid.rpki.cloudflare.com and got 0 replies
2026-06-12 04:44:11 +0300 - [measure] - INFO - Creating a measurement which will ping valid.rpki.cloudflare.com from probes 65361
2026-06-12 04:44:11 +0300 - [measure] - INFO - Measurement status for ping target invalid.rpki.cloudflare.com from 14393,20374,22388,27025,27692,29080,34513,50499,51329,52030,53906,54316,54893,1007464,1013597,1014032,1015826,1015881 returned Stopped. Fetch the results.
2026-06-12 04:44:11 +0300 - [measure] - INFO - Probe 7564 with src addr 2407:e0c0:101:2000::4 sent 3 packets to valid.rpki.cloudflare.com and got 3 replies
2026-06-12 04:44:11 +0300 - [measure] - INFO - Creating a measurement which will ping invalid.rpki.cloudflare.com from probes 65361
2026-06-12 04:44:11 +0300 - [measure] - INFO - Probe 1004731 with src addr 240d:1a:51a:5a00:c344:bf48:9d5d:83eb sent 3 packets to valid.rpki.cloudflare.com and got 3 replies
2026-06-12 04:44:11 +0300 - [measure] - INFO - Probe 50079 with src addr dd0e:da48:23b5:0:1:4ff:fe39:aa05 sent 3 packets to valid.rpki.cloudflare.com and got 3 replies
2026-06-12 04:44:11 +0300 - [measure] - INFO - Probe 55091 with src addr 240d:1a:39:5800:1:75ff:fe9d:5ad sent 3 packets to valid.rpki.cloudflare.com and got 3 replies
2026-06-12 04:44:11 +0300 - [measure] - INFO - Creating a measurement which will ping valid.rpki.cloudflare.com from probes 1008159
2026-06-12 04:44:11 +0300 - [measure] - INFO - Probe 1013597 with src addr 240f:f0:1581:1:be24:11ff:fe42:6ca6 sent 3 packets to invalid.rpki.cloudflare.com and got 3 replies
2026-06-12 04:44:11 +0300 - [measure] - INFO - Probe 1014032 with src addr 240f:3a:e34a:1:ca6:c3ff:fe9d:99c6 sent 3 packets to invalid.rpki.cloudflare.com and got 3 replies
2026-06-12 04:44:11 +0300 - [measure] - INFO - Probe 1015826 with src addr 240b:12:6620:d112:be24:11ff:fe39:c569 sent 3 packets to invalid.rpki.cloudflare.com and got 3 replies
2026-06-12 04:44:11 +0300 - [measure] - INFO - Probe 1015881 with src addr fc00::be24:11ff:fe17:4f1e sent 3 packets to invalid.rpki.cloudflare.com and got 3 replies
2026-06-12 04:44:11 +0300 - [measure] - INFO - Probe 14393 with src addr 240b:10:b661:1000:10:251:0:100 sent 3 packets to invalid.rpki.cloudflare.com and got 3 replies
2026-06-12 04:44:11 +0300 - [measure] - INFO - Probe 20374 with src addr 240f:143:72e9:1:c24a:ff:fecc:6e10 sent 3 packets to invalid.rpki.cloudflare.com and got 3 replies
2026-06-12 04:44:11 +0300 - [measure] - INFO - Probe 27025 with src addr 240b:10:c320:100:eade:27ff:fec9:71f4 sent 3 packets to invalid.rpki.cloudflare.com and got 3 replies
2026-06-12 04:44:11 +0300 - [measure] - INFO - Probe 27692 with src addr 240f:105:225a:1:f6f2:6dff:fe5d:cbc4 sent 3 packets to invalid.rpki.cloudflare.com and got 0 replies
2026-06-12 04:44:11 +0300 - [measure] - INFO - Probe 29080 with src addr 240b:10:85a0:9200:ee08:6bff:fe73:22dc sent 3 packets to invalid.rpki.cloudflare.com and got 3 replies
2026-06-12 04:44:11 +0300 - [measure] - INFO - Probe 34513 with src addr 240f:67:b2e4:1:c225:e9ff:fea8:5bde sent 3 packets to invalid.rpki.cloudflare.com and got 0 replies
2026-06-12 04:44:11 +0300 - [measure] - INFO - Probe 1007464 with src addr 240b:10:b661:1000:10:251:0:99 sent 3 packets to invalid.rpki.cloudflare.com and got 3 replies
2026-06-12 04:44:11 +0300 - [measure] - INFO - Probe 22388 with src addr 240f:38:d4ef:1:ea94:f6ff:fee3:72a2 sent 3 packets to invalid.rpki.cloudflare.com and got 3 replies
2026-06-12 04:44:11 +0300 - [measure] - INFO - Probe 50499 with src addr 240f:106:c73:1:1:fbff:fe7f:ec00 sent 3 packets to invalid.rpki.cloudflare.com and got 3 replies
2026-06-12 04:44:11 +0300 - [measure] - INFO - Probe 51329 with src addr 240f:77:2a55:1:1:ff:fe85:23e1 sent 3 packets to invalid.rpki.cloudflare.com and got 3 replies
2026-06-12 04:44:11 +0300 - [measure] - INFO - Probe 52030 with src addr 240b:11:60:4b00:1:e7ff:febe:3db6 sent 3 packets to invalid.rpki.cloudflare.com and got 3 replies
2026-06-12 04:44:11 +0300 - [measure] - INFO - Probe 53906 with src addr 240b:10:9120:3600:1:9eff:fee1:b921 sent 3 packets to invalid.rpki.cloudflare.com and got 0 replies
2026-06-12 04:44:11 +0300 - [measure] - INFO - Probe 54316 with src addr 240b:10:9f67:cb10:1:39ff:fef6:5cd sent 3 packets to invalid.rpki.cloudflare.com and got 3 replies
2026-06-12 04:44:11 +0300 - [measure] - INFO - Probe 54893 with src addr 240b:252:5863:b100:1:5ff:fec1:bdf0 sent 3 packets to invalid.rpki.cloudflare.com and got 3 replies
2026-06-12 04:44:11 +0300 - [measure] - INFO - Creating a measurement which will ping invalid.rpki.cloudflare.com from probes 1008159
2026-06-12 04:44:12 +0300 - [measure] - INFO - Measurement status for ping target valid.rpki.cloudflare.com from 3491,6425,25759 returned Stopped. Fetch the results.
2026-06-12 04:44:12 +0300 - [measure] - INFO - Measurement status for ping target valid.rpki.cloudflare.com from 14393,20374,22388,27025,27692,29080,34513,50499,51329,52030,53906,54316,54893,1007464,1013597,1014032,1015826,1015881 returned Stopped. Fetch the results.
2026-06-12 04:44:12 +0300 - [measure] - INFO - Measurement status for ping target invalid.rpki.cloudflare.com from 60306 returned Stopped. Fetch the results.
2026-06-12 04:44:12 +0300 - [measure] - INFO - Measurement status for ping target valid.rpki.cloudflare.com from 60865,1006070,1007320,1007581,1013796 returned Stopped. Fetch the results.
2026-06-12 04:44:12 +0300 - [measure] - INFO - Measurement status for ping target invalid.rpki.cloudflare.com from 60865,1006070,1007320,1007581,1013796 returned Stopped. Fetch the results.
2026-06-12 04:44:12 +0300 - [measure] - INFO - Probe 60306 with src addr 2001:2f8:1c:a504:da58:d7ff:fe03:1aa sent 3 packets to invalid.rpki.cloudflare.com and got 3 replies
2026-06-12 04:44:12 +0300 - [measure] - INFO - Creating a measurement which will ping valid.rpki.cloudflare.com from probes 61645,1006012,1013000
2026-06-12 04:44:12 +0300 - [measure] - INFO - Probe 1007581 with src addr 2404:7a87:89e0:5610::132 sent 3 packets to valid.rpki.cloudflare.com and got 3 replies
2026-06-12 04:44:12 +0300 - [measure] - INFO - Probe 1006070 with src addr 2404:7a87:51a1:900:6e4b:90ff:fe7d:b2cc sent 3 packets to valid.rpki.cloudflare.com and got 3 replies
2026-06-12 04:44:12 +0300 - [measure] - INFO - Probe 60865 with src addr 2404:7a83:d968:1100:da58:d7ff:fe03:76d sent 3 packets to valid.rpki.cloudflare.com and got 3 replies
2026-06-12 04:44:12 +0300 - [measure] - INFO - Creating a measurement which will ping invalid.rpki.cloudflare.com from probes 61645,1006012,1013000
2026-06-12 04:44:12 +0300 - [measure] - INFO - Measurement status for ping target invalid.rpki.cloudflare.com from 1009353,1013257,1013709,1013710,1014094,1014218,1015919 returned Stopped. Fetch the results.
2026-06-12 04:44:12 +0300 - [measure] - INFO - Probe 1007581 with src addr 2404:7a87:89e0:5610::132 sent 3 packets to invalid.rpki.cloudflare.com and got 0 replies
2026-06-12 04:44:12 +0300 - [measure] - INFO - Probe 1006070 with src addr 2404:7a87:51a1:900:6e4b:90ff:fe7d:b2cc sent 3 packets to invalid.rpki.cloudflare.com and got 0 replies
2026-06-12 04:44:12 +0300 - [measure] - INFO - Probe 60865 with src addr 2404:7a83:d968:1100:da58:d7ff:fe03:76d sent 3 packets to invalid.rpki.cloudflare.com and got 0 replies
2026-06-12 04:44:12 +0300 - [measure] - INFO - Creating a measurement which will ping valid.rpki.cloudflare.com from probes 1000167,1013217
2026-06-12 04:44:12 +0300 - [measure] - INFO - Probe 1013597 with src addr 240f:f0:1581:1:be24:11ff:fe42:6ca6 sent 3 packets to valid.rpki.cloudflare.com and got 3 replies
2026-06-12 04:44:12 +0300 - [measure] - INFO - Probe 1014032 with src addr 240f:3a:e34a:1:ca6:c3ff:fe9d:99c6 sent 3 packets to valid.rpki.cloudflare.com and got 3 replies
2026-06-12 04:44:12 +0300 - [measure] - INFO - Probe 1015826 with src addr 240b:12:6620:d112:be24:11ff:fe39:c569 sent 3 packets to valid.rpki.cloudflare.com and got 3 replies
2026-06-12 04:44:12 +0300 - [measure] - INFO - Probe 1015881 with src addr fc00::be24:11ff:fe17:4f1e sent 3 packets to valid.rpki.cloudflare.com and got 3 replies
2026-06-12 04:44:12 +0300 - [measure] - INFO - Probe 14393 with src addr 240b:10:b661:1000:10:251:0:100 sent 3 packets to valid.rpki.cloudflare.com and got 3 replies
2026-06-12 04:44:12 +0300 - [measure] - INFO - Probe 20374 with src addr 240f:143:72e9:1:c24a:ff:fecc:6e10 sent 3 packets to valid.rpki.cloudflare.com and got 3 replies
2026-06-12 04:44:12 +0300 - [measure] - INFO - Probe 27025 with src addr 240b:10:c320:100:eade:27ff:fec9:71f4 sent 3 packets to valid.rpki.cloudflare.com and got 3 replies
2026-06-12 04:44:12 +0300 - [measure] - INFO - Probe 27692 with src addr 240f:105:225a:1:f6f2:6dff:fe5d:cbc4 sent 3 packets to valid.rpki.cloudflare.com and got 0 replies
2026-06-12 04:44:12 +0300 - [measure] - INFO - Probe 29080 with src addr 240b:10:85a0:9200:ee08:6bff:fe73:22dc sent 3 packets to valid.rpki.cloudflare.com and got 3 replies
2026-06-12 04:44:12 +0300 - [measure] - INFO - Probe 34513 with src addr 240f:67:b2e4:1:c225:e9ff:fea8:5bde sent 3 packets to valid.rpki.cloudflare.com and got 0 replies
2026-06-12 04:44:12 +0300 - [measure] - INFO - Probe 1007464 with src addr 240b:10:b661:1000:10:251:0:99 sent 3 packets to valid.rpki.cloudflare.com and got 3 replies
2026-06-12 04:44:12 +0300 - [measure] - INFO - Probe 22388 with src addr 240f:38:d4ef:1:ea94:f6ff:fee3:72a2 sent 3 packets to valid.rpki.cloudflare.com and got 3 replies
2026-06-12 04:44:12 +0300 - [measure] - INFO - Probe 50499 with src addr 240f:106:c73:1:1:fbff:fe7f:ec00 sent 3 packets to valid.rpki.cloudflare.com and got 3 replies
2026-06-12 04:44:12 +0300 - [measure] - INFO - Probe 51329 with src addr 240f:77:2a55:1:1:ff:fe85:23e1 sent 3 packets to valid.rpki.cloudflare.com and got 3 replies
2026-06-12 04:44:12 +0300 - [measure] - INFO - Probe 52030 with src addr 240b:11:60:4b00:1:e7ff:febe:3db6 sent 3 packets to valid.rpki.cloudflare.com and got 3 replies
2026-06-12 04:44:12 +0300 - [measure] - INFO - Probe 53906 with src addr 240b:10:9120:3600:1:9eff:fee1:b921 sent 3 packets to valid.rpki.cloudflare.com and got 0 replies
2026-06-12 04:44:12 +0300 - [measure] - INFO - Probe 54316 with src addr 240b:10:9f67:cb10:1:39ff:fef6:5cd sent 3 packets to valid.rpki.cloudflare.com and got 3 replies
2026-06-12 04:44:12 +0300 - [measure] - INFO - Probe 54893 with src addr 240b:252:5863:b100:1:5ff:fec1:bdf0 sent 3 packets to valid.rpki.cloudflare.com and got 3 replies
2026-06-12 04:44:12 +0300 - [measure] - INFO - Creating a measurement which will ping invalid.rpki.cloudflare.com from probes 1000167,1013217
2026-06-12 04:44:12 +0300 - [measure] - INFO - Probe 25759 with src addr 2001:240:12b:1000::33 sent 3 packets to valid.rpki.cloudflare.com and got 3 replies
2026-06-12 04:44:12 +0300 - [measure] - INFO - Probe 6425 with src addr 2001:240:1e00:3a00::16 sent 3 packets to valid.rpki.cloudflare.com and got 3 replies
2026-06-12 04:44:12 +0300 - [measure] - INFO - Creating a measurement which will ping valid.rpki.cloudflare.com from probes 34380
2026-06-12 04:44:12 +0300 - [measure] - INFO - Probe 1009353 with src addr 2a12:a305::15 sent 3 packets to invalid.rpki.cloudflare.com and got 3 replies
2026-06-12 04:44:12 +0300 - [measure] - INFO - Probe 1013257 with src addr 2403:71c0:2000:11f5::a sent 3 packets to invalid.rpki.cloudflare.com and got 3 replies
2026-06-12 04:44:12 +0300 - [measure] - INFO - Probe 1013710 with src addr 2a12:a304:4:15d::35 sent 3 packets to invalid.rpki.cloudflare.com and got 3 replies
2026-06-12 04:44:12 +0300 - [measure] - INFO - Probe 1013709 with src addr 2403:71c0:2000:1159::44 sent 3 packets to invalid.rpki.cloudflare.com and got 3 replies
2026-06-12 04:44:12 +0300 - [measure] - INFO - Creating a measurement which will ping invalid.rpki.cloudflare.com from probes 34380
2026-06-12 04:52:11 +0300 - [measure] - INFO - Measurement status for ping target valid.rpki.cloudflare.com from 1008159 returned Stopped. Fetch the results.
2026-06-12 04:52:11 +0300 - [measure] - INFO - Probe 1008159 with src addr 2400:ddc0:c001::219 sent 3 packets to valid.rpki.cloudflare.com and got 3 replies
2026-06-12 04:52:11 +0300 - [measure] - INFO - Creating a measurement which will ping valid.rpki.cloudflare.com from probes 1015950
2026-06-12 04:52:12 +0300 - [measure] - INFO - Measurement status for ping target valid.rpki.cloudflare.com from 1000167,1013217 returned Stopped. Fetch the results.
2026-06-12 04:52:12 +0300 - [measure] - INFO - Probe 1000167 with src addr 2400:8500:1301:736:133:130:99:208 sent 3 packets to valid.rpki.cloudflare.com and got 3 replies
2026-06-12 04:52:12 +0300 - [measure] - INFO - Probe 1013217 with src addr 2400:8500:1801:484:163:44:180:251 sent 3 packets to valid.rpki.cloudflare.com and got 3 replies
2026-06-12 04:52:12 +0300 - [measure] - INFO - Creating a measurement which will ping invalid.rpki.cloudflare.com from probes 1015950
2026-06-12 04:52:12 +0300 - [measure] - INFO - Measurement status for ping target invalid.rpki.cloudflare.com from 65361 returned Stopped. Fetch the results.
2026-06-12 04:52:12 +0300 - [measure] - INFO - Measurement status for ping target valid.rpki.cloudflare.com from 34380 returned Stopped. Fetch the results.
2026-06-12 04:52:12 +0300 - [measure] - INFO - Measurement status for ping target invalid.rpki.cloudflare.com from 1000167,1013217 returned Stopped. Fetch the results.
2026-06-12 04:52:12 +0300 - [measure] - INFO - Measurement status for ping target invalid.rpki.cloudflare.com from 1008159 returned Stopped. Fetch the results.
2026-06-12 04:52:12 +0300 - [measure] - INFO - Probe 34380 with src addr 2001:348:4213:2501:c225:e9ff:fea8:72c6 sent 3 packets to valid.rpki.cloudflare.com and got 3 replies
2026-06-12 04:52:12 +0300 - [measure] - INFO - Creating a measurement which will ping valid.rpki.cloudflare.com from probes 11539,54575
2026-06-12 04:52:12 +0300 - [measure] - INFO - Probe 65361 with src addr 2001:dc0:3:0:da58:d7ff:fe03:1389 sent 3 packets to invalid.rpki.cloudflare.com and got 3 replies
2026-06-12 04:52:12 +0300 - [measure] - INFO - Creating a measurement which will ping invalid.rpki.cloudflare.com from probes 11539,54575
2026-06-12 04:52:13 +0300 - [measure] - INFO - Probe 1000167 with src addr 2400:8500:1301:736:133:130:99:208 sent 3 packets to invalid.rpki.cloudflare.com and got 3 replies
2026-06-12 04:52:13 +0300 - [measure] - INFO - Probe 1013217 with src addr 2400:8500:1801:484:163:44:180:251 sent 3 packets to invalid.rpki.cloudflare.com and got 3 replies
2026-06-12 04:52:13 +0300 - [measure] - INFO - Creating a measurement which will ping valid.rpki.cloudflare.com from probes 1015749
2026-06-12 04:52:13 +0300 - [measure] - INFO - Probe 1008159 with src addr 2400:ddc0:c001::219 sent 3 packets to invalid.rpki.cloudflare.com and got 3 replies
2026-06-12 04:52:13 +0300 - [measure] - INFO - Creating a measurement which will ping invalid.rpki.cloudflare.com from probes 1015749
2026-06-12 04:52:13 +0300 - [measure] - INFO - Measurement status for ping target invalid.rpki.cloudflare.com from 15691,27284,52625,53163,60782,1003967,1008224,1011869 returned Stopped. Fetch the results.
2026-06-12 04:52:13 +0300 - [measure] - INFO - Measurement status for ping target valid.rpki.cloudflare.com from 61645,1006012,1013000 returned Stopped. Fetch the results.
2026-06-12 04:52:13 +0300 - [measure] - INFO - Measurement status for ping target valid.rpki.cloudflare.com from 29043,50366,50501,52844,62326,1008545,1009771,1011490,1015148,1015709 returned Stopped. Fetch the results.
2026-06-12 04:52:13 +0300 - [measure] - INFO - Probe 1006012 with src addr 2001:470:23:544::2 sent 3 packets to valid.rpki.cloudflare.com and got 0 replies
2026-06-12 04:52:13 +0300 - [measure] - INFO - Probe 1013000 with src addr 2001:470:fdda:111:20c:29ff:fe4c:1f04 sent 3 packets to valid.rpki.cloudflare.com and got 3 replies
2026-06-12 04:52:13 +0300 - [measure] - INFO - Probe 61645 with src addr 2001:470:fc26:9:da58:d7ff:fe03:46a sent 2 packets to valid.rpki.cloudflare.com and got 1 replies
2026-06-12 04:52:13 +0300 - [measure] - INFO - Creating a measurement which will ping valid.rpki.cloudflare.com from probes 1015951
2026-06-12 04:52:13 +0300 - [measure] - INFO - Probe 1003967 with src addr 2405:6582:8a20:1000:20d:48ff:fe47:27ac sent 3 packets to invalid.rpki.cloudflare.com and got 3 replies
2026-06-12 04:52:13 +0300 - [measure] - INFO - Probe 1008224 with src addr 2405:6587:aa0:4200:cf53:f630:8157:81aa sent 3 packets to invalid.rpki.cloudflare.com and got 3 replies
2026-06-12 04:52:13 +0300 - [measure] - INFO - Probe 1011869 with src addr 2405:6581:9e80:1f01:3c4d:c2ff:fe46:dae4 sent 3 packets to invalid.rpki.cloudflare.com and got 3 replies
2026-06-12 04:52:13 +0300 - [measure] - INFO - Probe 15691 with src addr 2405:6584:6140:800:6666:b3ff:feb0:b9cc sent 3 packets to invalid.rpki.cloudflare.com and got 3 replies
2026-06-12 04:52:13 +0300 - [measure] - INFO - Probe 27284 with src addr 2405:6580:94e0:4500:c66e:1fff:fe5b:d0a6 sent 3 packets to invalid.rpki.cloudflare.com and got 3 replies
2026-06-12 04:52:13 +0300 - [measure] - INFO - Probe 53163 with src addr 2405:6580:88c0:5a00:1:33ff:fed4:2734 sent 3 packets to invalid.rpki.cloudflare.com and got 3 replies
2026-06-12 04:52:13 +0300 - [measure] - INFO - Probe 60782 with src addr 2405:6582:8a20:1000:da58:d7ff:fe03:70d sent 3 packets to invalid.rpki.cloudflare.com and got 3 replies
2026-06-12 04:52:13 +0300 - [measure] - INFO - Creating a measurement which will ping invalid.rpki.cloudflare.com from probes 1015951
2026-06-12 04:52:13 +0300 - [measure] - INFO - Measurement status for ping target invalid.rpki.cloudflare.com from 7080 returned Stopped. Fetch the results.
2026-06-12 04:52:13 +0300 - [measure] - INFO - Probe 1008545 with src addr 2400:4153:4182:6400:d2f8:baa6:26ab:c727 sent 3 packets to valid.rpki.cloudflare.com and got 3 replies
2026-06-12 04:52:13 +0300 - [measure] - INFO - Probe 1011490 with src addr 2400:4050:8c63:b100:73f:3794:ac19:af28 sent 3 packets to valid.rpki.cloudflare.com and got 3 replies
2026-06-12 04:52:13 +0300 - [measure] - INFO - Probe 1015148 with src addr 2400:4052:9ca0:ef00:ba27:ebff:fe54:3d49 sent 3 packets to valid.rpki.cloudflare.com and got 3 replies
2026-06-12 04:52:13 +0300 - [measure] - INFO - Probe 1015709 with src addr 2400:4153:6022:2ef8:ba27:ebff:feca:c326 sent 3 packets to valid.rpki.cloudflare.com and got 3 replies
2026-06-12 04:52:13 +0300 - [measure] - INFO - Probe 29043 with src addr 2400:4051:161:2f00:a62b:b0ff:fef1:6128 sent 3 packets to valid.rpki.cloudflare.com and got 3 replies
2026-06-12 04:52:13 +0300 - [measure] - INFO - Probe 50366 with src addr 2400:4051:9ac1:6400:1:b6ff:fec0:80f4 sent 3 packets to valid.rpki.cloudflare.com and got 3 replies
2026-06-12 04:52:13 +0300 - [measure] - INFO - Probe 50501 with src addr 2400:4152:35e0:1500:1:fdff:fe51:58e4 sent 3 packets to valid.rpki.cloudflare.com and got 0 replies
2026-06-12 04:52:13 +0300 - [measure] - INFO - Probe 52844 with src addr 2400:4053:3b42:5200:1:89ff:fe75:3803 sent 3 packets to valid.rpki.cloudflare.com and got 3 replies
2026-06-12 04:52:13 +0300 - [measure] - INFO - Probe 62326 with src addr 2400:4051:cc22:4400:da58:d7ff:fe03:10e sent 3 packets to valid.rpki.cloudflare.com and got 0 replies
2026-06-12 04:52:13 +0300 - [measure] - INFO - Creating a measurement which will ping valid.rpki.cloudflare.com from probes 12782
2026-06-12 04:52:13 +0300 - [measure] - INFO - Probe 7080 with src addr 2400:8800:e007::4 sent 3 packets to invalid.rpki.cloudflare.com and got 0 replies
2026-06-12 04:52:13 +0300 - [measure] - INFO - Creating a measurement which will ping invalid.rpki.cloudflare.com from probes 12782
2026-06-12 04:52:13 +0300 - [measure] - INFO - Measurement status for ping target invalid.rpki.cloudflare.com from 34380 returned Stopped. Fetch the results.
2026-06-12 04:52:14 +0300 - [measure] - INFO - Probe 34380 with src addr 2001:348:4213:2501:c225:e9ff:fea8:72c6 sent 3 packets to invalid.rpki.cloudflare.com and got 3 replies
2026-06-12 04:52:14 +0300 - [measure] - INFO - Creating a measurement which will ping valid.rpki.cloudflare.com from probes 50417
2026-06-12 04:52:14 +0300 - [measure] - INFO - Measurement status for ping target invalid.rpki.cloudflare.com from 61645,1006012,1013000 returned Stopped. Fetch the results.
2026-06-12 04:52:14 +0300 - [measure] - INFO - Probe 1006012 with src addr 2001:470:23:544::2 sent 3 packets to invalid.rpki.cloudflare.com and got 0 replies
2026-06-12 04:52:14 +0300 - [measure] - INFO - Probe 1013000 with src addr 2001:470:fdda:111:20c:29ff:fe4c:1f04 sent 3 packets to invalid.rpki.cloudflare.com and got 0 replies
2026-06-12 04:52:14 +0300 - [measure] - INFO - Probe 61645 with src addr 2001:470:fc26:9:da58:d7ff:fe03:46a sent 3 packets to invalid.rpki.cloudflare.com and got 0 replies
2026-06-12 04:52:14 +0300 - [measure] - INFO - Creating a measurement which will ping invalid.rpki.cloudflare.com from probes 50417
2026-06-12 04:52:14 +0300 - [measure] - INFO - Measurement status for ping target invalid.rpki.cloudflare.com from 29043,50366,50501,52844,62326,1008545,1009771,1011490,1015148,1015709 returned Stopped. Fetch the results.
2026-06-12 04:52:14 +0300 - [measure] - INFO - Probe 1008545 with src addr 2400:4153:4182:6400:d2f8:baa6:26ab:c727 sent 3 packets to invalid.rpki.cloudflare.com and got 0 replies
2026-06-12 04:52:14 +0300 - [measure] - INFO - Probe 1011490 with src addr 2400:4050:8c63:b100:73f:3794:ac19:af28 sent 3 packets to invalid.rpki.cloudflare.com and got 0 replies
2026-06-12 04:52:14 +0300 - [measure] - INFO - Probe 1015148 with src addr 2400:4052:9ca0:ef00:ba27:ebff:fe54:3d49 sent 3 packets to invalid.rpki.cloudflare.com and got 0 replies
2026-06-12 04:52:14 +0300 - [measure] - INFO - Probe 1015709 with src addr 2400:4153:6022:2ef8:ba27:ebff:feca:c326 sent 3 packets to invalid.rpki.cloudflare.com and got 0 replies
2026-06-12 04:52:14 +0300 - [measure] - INFO - Probe 29043 with src addr 2400:4051:161:2f00:a62b:b0ff:fef1:6128 sent 3 packets to invalid.rpki.cloudflare.com and got 0 replies
2026-06-12 04:52:14 +0300 - [measure] - INFO - Probe 50366 with src addr 2400:4051:9ac1:6400:1:b6ff:fec0:80f4 sent 3 packets to invalid.rpki.cloudflare.com and got 0 replies
2026-06-12 04:52:14 +0300 - [measure] - INFO - Probe 50501 with src addr 2400:4152:35e0:1500:1:fdff:fe51:58e4 sent 3 packets to invalid.rpki.cloudflare.com and got 0 replies
2026-06-12 04:52:14 +0300 - [measure] - INFO - Probe 52844 with src addr 2400:4053:3b42:5200:1:89ff:fe75:3803 sent 3 packets to invalid.rpki.cloudflare.com and got 0 replies
2026-06-12 04:52:14 +0300 - [measure] - INFO - Probe 62326 with src addr 2400:4051:cc22:4400:da58:d7ff:fe03:10e sent 3 packets to invalid.rpki.cloudflare.com and got 0 replies
2026-06-12 04:52:14 +0300 - [measure] - INFO - Creating a measurement which will ping valid.rpki.cloudflare.com from probes 34665,50304,62268,1015757
2026-06-12 04:52:15 +0300 - [measure] - INFO - Measurement status for ping target valid.rpki.cloudflare.com from 15691,27284,52625,53163,60782,1003967,1008224,1011869 returned Stopped. Fetch the results.
2026-06-12 04:52:15 +0300 - [measure] - INFO - Probe 1003967 with src addr 2405:6582:8a20:1000:20d:48ff:fe47:27ac sent 3 packets to valid.rpki.cloudflare.com and got 3 replies
2026-06-12 04:52:15 +0300 - [measure] - INFO - Probe 1008224 with src addr 2405:6587:aa0:4200:cf53:f630:8157:81aa sent 3 packets to valid.rpki.cloudflare.com and got 3 replies
2026-06-12 04:52:15 +0300 - [measure] - INFO - Probe 1011869 with src addr 2405:6581:9e80:1f01:3c4d:c2ff:fe46:dae4 sent 3 packets to valid.rpki.cloudflare.com and got 3 replies
2026-06-12 04:52:15 +0300 - [measure] - INFO - Probe 15691 with src addr 2405:6584:6140:800:6666:b3ff:feb0:b9cc sent 3 packets to valid.rpki.cloudflare.com and got 3 replies
2026-06-12 04:52:15 +0300 - [measure] - INFO - Probe 27284 with src addr 2405:6580:94e0:4500:c66e:1fff:fe5b:d0a6 sent 3 packets to valid.rpki.cloudflare.com and got 3 replies
2026-06-12 04:52:15 +0300 - [measure] - INFO - Probe 53163 with src addr 2405:6580:88c0:5a00:1:33ff:fed4:2734 sent 3 packets to valid.rpki.cloudflare.com and got 3 replies
2026-06-12 04:52:15 +0300 - [measure] - INFO - Probe 60782 with src addr 2405:6582:8a20:1000:da58:d7ff:fe03:70d sent 3 packets to valid.rpki.cloudflare.com and got 3 replies
2026-06-12 04:52:15 +0300 - [measure] - INFO - Creating a measurement which will ping invalid.rpki.cloudflare.com from probes 34665,50304,62268,1015757
2026-06-12 04:52:16 +0300 - [measure] - INFO - Measurement status for ping target valid.rpki.cloudflare.com from 1011295 returned Stopped. Fetch the results.
2026-06-12 04:52:16 +0300 - [measure] - INFO - Measurement status for ping target valid.rpki.cloudflare.com from 51221 returned Stopped. Fetch the results.
2026-06-12 04:52:16 +0300 - [measure] - INFO - Probe 1011295 with src addr 2001:310:1000:300::6 sent 3 packets to valid.rpki.cloudflare.com and got 3 replies
2026-06-12 04:52:16 +0300 - [measure] - INFO - Creating a measurement which will ping valid.rpki.cloudflare.com from probes 33022
2026-06-12 04:52:16 +0300 - [measure] - INFO - Probe 51221 with src addr 2001:fa8:f093:0:1:cbff:fe87:71b9 sent 3 packets to valid.rpki.cloudflare.com and got 3 replies
2026-06-12 04:52:16 +0300 - [measure] - INFO - Creating a measurement which will ping invalid.rpki.cloudflare.com from probes 33022
2026-06-12 04:52:16 +0300 - [measure] - INFO - Measurement status for ping target valid.rpki.cloudflare.com from 7080 returned Stopped. Fetch the results.
2026-06-12 04:52:16 +0300 - [measure] - INFO - Measurement status for ping target invalid.rpki.cloudflare.com from 1011295 returned Stopped. Fetch the results.
2026-06-12 04:52:16 +0300 - [measure] - INFO - Probe 1011295 with src addr 2001:310:1000:300::6 sent 3 packets to invalid.rpki.cloudflare.com and got 3 replies
2026-06-12 04:52:16 +0300 - [measure] - INFO - Creating a measurement which will ping valid.rpki.cloudflare.com from probes 1009116
2026-06-12 04:52:16 +0300 - [measure] - INFO - Probe 7080 with src addr 2400:8800:e007::4 sent 3 packets to valid.rpki.cloudflare.com and got 3 replies
2026-06-12 04:52:16 +0300 - [measure] - INFO - Creating a measurement which will ping invalid.rpki.cloudflare.com from probes 1009116
2026-06-12 04:52:16 +0300 - [measure] - INFO - Measurement status for ping target valid.rpki.cloudflare.com from 65361 returned Stopped. Fetch the results.
2026-06-12 04:52:16 +0300 - [measure] - INFO - Measurement status for ping target invalid.rpki.cloudflare.com from 51221 returned Stopped. Fetch the results.
2026-06-12 04:52:17 +0300 - [measure] - INFO - Probe 65361 with src addr 2001:dc0:3:0:da58:d7ff:fe03:1389 sent 3 packets to valid.rpki.cloudflare.com and got 3 replies
2026-06-12 04:52:17 +0300 - [measure] - INFO - Creating a measurement which will ping valid.rpki.cloudflare.com from probes 1003380,1003384,1010741
2026-06-12 04:52:17 +0300 - [measure] - INFO - Probe 51221 with src addr 2001:fa8:f093:0:1:cbff:fe87:71b9 sent 3 packets to invalid.rpki.cloudflare.com and got 3 replies
2026-06-12 04:52:17 +0300 - [measure] - INFO - Creating a measurement which will ping invalid.rpki.cloudflare.com from probes 1003380,1003384,1010741
2026-06-12 05:00:26 +0300 - [measure] - INFO - Measurement status for ping target valid.rpki.cloudflare.com from 50417 returned Stopped. Fetch the results.
2026-06-12 05:00:26 +0300 - [measure] - INFO - Measurement status for ping target invalid.rpki.cloudflare.com from 1015951 returned Stopped. Fetch the results.
2026-06-12 05:00:26 +0300 - [measure] - INFO - Probe 50417 with src addr 2001:298:2076:50:1:d2ff:fe00:f0bf sent 3 packets to valid.rpki.cloudflare.com and got 3 replies
2026-06-12 05:00:26 +0300 - [measure] - INFO - Creating a measurement which will ping valid.rpki.cloudflare.com from probes 6983
2026-06-12 05:00:26 +0300 - [measure] - INFO - Probe 1015951 with src addr 2403:3a00:202:191f:133:167:108:185 sent 3 packets to invalid.rpki.cloudflare.com and got 3 replies
2026-06-12 05:00:26 +0300 - [measure] - INFO - Creating a measurement which will ping invalid.rpki.cloudflare.com from probes 6983
2026-06-12 05:00:26 +0300 - [measure] - INFO - Measurement status for ping target valid.rpki.cloudflare.com from 33022 returned Stopped. Fetch the results.
2026-06-12 05:00:27 +0300 - [measure] - INFO - Measurement status for ping target invalid.rpki.cloudflare.com from 34665,50304,62268,1015757 returned Stopped. Fetch the results.
2026-06-12 05:00:27 +0300 - [measure] - INFO - Probe 33022 with src addr 2403:7800:c109:a000:1ad6:c7ff:fee5:a4aa sent 3 packets to valid.rpki.cloudflare.com and got 3 replies
2026-06-12 05:00:27 +0300 - [measure] - INFO - Creating a measurement which will ping valid.rpki.cloudflare.com from probes 50385,55494,1007612,1009070
2026-06-12 05:00:27 +0300 - [measure] - INFO - Measurement status for ping target invalid.rpki.cloudflare.com from 1003380,1003384,1010741 returned Stopped. Fetch the results.
2026-06-12 05:00:27 +0300 - [measure] - INFO - Probe 34665 with src addr 2405:1200:d117:8d01:c225:e9ff:fe9a:95a sent 3 packets to invalid.rpki.cloudflare.com and got 0 replies
2026-06-12 05:00:27 +0300 - [measure] - INFO - Probe 50304 with src addr 2405:1201:610d:4100:1:95ff:fe9a:3298 sent 3 packets to invalid.rpki.cloudflare.com and got 0 replies
2026-06-12 05:00:27 +0300 - [measure] - INFO - Probe 62268 with src addr 2405:1203:4381:9100:da58:d7ff:fe03:906 sent 3 packets to invalid.rpki.cloudflare.com and got 0 replies
2026-06-12 05:00:27 +0300 - [measure] - INFO - Creating a measurement which will ping invalid.rpki.cloudflare.com from probes 50385,55494,1007612,1009070
2026-06-12 05:00:27 +0300 - [measure] - INFO - Probe 1003380 with src addr 2406:da16:cfc:cd00:e2e6:13ae:6d79:143d sent 3 packets to invalid.rpki.cloudflare.com and got 0 replies
2026-06-12 05:00:27 +0300 - [measure] - INFO - Probe 1003384 with src addr 2406:da14:182d:d201:6df6:13c0:93b3:4bc8 sent 3 packets to invalid.rpki.cloudflare.com and got 0 replies
2026-06-12 05:00:27 +0300 - [measure] - INFO - Probe 1010741 with src addr 2406:da14:1838:f002:234a:aabd:312a:32be sent 3 packets to invalid.rpki.cloudflare.com and got 0 replies
2026-06-12 05:00:27 +0300 - [measure] - INFO - Creating a measurement which will ping valid.rpki.cloudflare.com from probes 1014883
2026-06-12 05:00:27 +0300 - [measure] - INFO - Measurement status for ping target invalid.rpki.cloudflare.com from 33022 returned Stopped. Fetch the results.
2026-06-12 05:00:27 +0300 - [measure] - INFO - Probe 33022 with src addr 2403:7800:c109:a000:1ad6:c7ff:fee5:a4aa sent 3 packets to invalid.rpki.cloudflare.com and got 3 replies
2026-06-12 05:00:27 +0300 - [measure] - INFO - Creating a measurement which will ping invalid.rpki.cloudflare.com from probes 1014883
2026-06-12 05:00:28 +0300 - [measure] - INFO - Measurement status for ping target invalid.rpki.cloudflare.com from 11539,54575 returned Stopped. Fetch the results.
2026-06-12 05:00:28 +0300 - [measure] - INFO - Measurement status for ping target invalid.rpki.cloudflare.com from 1015749 returned Stopped. Fetch the results.
2026-06-12 05:00:28 +0300 - [measure] - INFO - Measurement status for ping target invalid.rpki.cloudflare.com from 1009116 returned Stopped. Fetch the results.
2026-06-12 05:00:28 +0300 - [measure] - INFO - Measurement status for ping target valid.rpki.cloudflare.com from 1009116 returned Stopped. Fetch the results.
2026-06-12 05:00:28 +0300 - [measure] - INFO - Measurement status for ping target valid.rpki.cloudflare.com from 1015749 returned Stopped. Fetch the results.
2026-06-12 05:00:28 +0300 - [measure] - INFO - Probe 11539 with src addr 2403:4440:ffff:204:fa1a:67ff:fe4d:87db sent 3 packets to invalid.rpki.cloudflare.com and got 3 replies
2026-06-12 05:00:28 +0300 - [measure] - INFO - Probe 54575 with src addr 2403:4440:40:1006:1:faff:fef8:5a02 sent 3 packets to invalid.rpki.cloudflare.com and got 3 replies
2026-06-12 05:00:28 +0300 - [measure] - INFO - Creating a measurement which will ping valid.rpki.cloudflare.com from probes 33107,1004919,1005457,1008206
2026-06-12 05:00:28 +0300 - [measure] - INFO - Probe 1009116 with src addr 2406:2d40:3095:e01:facc:7fb7:1f76:53ab sent 3 packets to invalid.rpki.cloudflare.com and got 3 replies
2026-06-12 05:00:28 +0300 - [measure] - INFO - Creating a measurement which will ping invalid.rpki.cloudflare.com from probes 33107,1004919,1005457,1008206
2026-06-12 05:00:28 +0300 - [measure] - INFO - Probe 1015749 with src addr 2001:e42:102:1532:160:16:113:72 sent 3 packets to invalid.rpki.cloudflare.com and got 3 replies
2026-06-12 05:00:28 +0300 - [measure] - INFO - Creating a measurement which will ping valid.rpki.cloudflare.com from probes 61328,61431
2026-06-12 05:00:28 +0300 - [measure] - INFO - Probe 1009116 with src addr 2406:2d40:3095:e01:facc:7fb7:1f76:53ab sent 3 packets to valid.rpki.cloudflare.com and got 3 replies
2026-06-12 05:00:28 +0300 - [measure] - INFO - Creating a measurement which will ping invalid.rpki.cloudflare.com from probes 61328,61431
2026-06-12 05:00:28 +0300 - [measure] - INFO - Probe 1015749 with src addr 2001:e42:102:1532:160:16:113:72 sent 3 packets to valid.rpki.cloudflare.com and got 3 replies
2026-06-12 05:00:28 +0300 - [measure] - INFO - Creating a measurement which will ping valid.rpki.cloudflare.com from probes 1006511
2026-06-12 05:00:28 +0300 - [measure] - INFO - Measurement status for ping target valid.rpki.cloudflare.com from 1003380,1003384,1010741 returned Stopped. Fetch the results.
2026-06-12 05:00:28 +0300 - [measure] - INFO - Measurement status for ping target valid.rpki.cloudflare.com from 1015950 returned Stopped. Fetch the results.
2026-06-12 05:00:28 +0300 - [measure] - INFO - Measurement status for ping target valid.rpki.cloudflare.com from 11539,54575 returned Stopped. Fetch the results.
2026-06-12 05:00:28 +0300 - [measure] - INFO - Probe 1003380 with src addr 2406:da16:cfc:cd00:e2e6:13ae:6d79:143d sent 3 packets to valid.rpki.cloudflare.com and got 3 replies
2026-06-12 05:00:28 +0300 - [measure] - INFO - Probe 1003384 with src addr 2406:da14:182d:d201:6df6:13c0:93b3:4bc8 sent 3 packets to valid.rpki.cloudflare.com and got 3 replies
2026-06-12 05:00:28 +0300 - [measure] - INFO - Probe 1010741 with src addr 2406:da14:1838:f002:234a:aabd:312a:32be sent 3 packets to valid.rpki.cloudflare.com and got 3 replies
2026-06-12 05:00:28 +0300 - [measure] - INFO - Creating a measurement which will ping invalid.rpki.cloudflare.com from probes 1006511
2026-06-12 05:00:29 +0300 - [measure] - INFO - Probe 1015950 with src addr 2401:2500:102:3014:153:126:156:48 sent 3 packets to valid.rpki.cloudflare.com and got 3 replies
2026-06-12 05:00:29 +0300 - [measure] - INFO - Creating a measurement which will ping valid.rpki.cloudflare.com from probes 1012176
2026-06-12 05:00:29 +0300 - [measure] - INFO - Probe 11539 with src addr 2403:4440:ffff:204:fa1a:67ff:fe4d:87db sent 3 packets to valid.rpki.cloudflare.com and got 3 replies
2026-06-12 05:00:29 +0300 - [measure] - INFO - Probe 54575 with src addr 2403:4440:40:1006:1:faff:fef8:5a02 sent 3 packets to valid.rpki.cloudflare.com and got 3 replies
2026-06-12 05:00:29 +0300 - [measure] - INFO - Creating a measurement which will ping invalid.rpki.cloudflare.com from probes 1012176
2026-06-12 05:00:29 +0300 - [measure] - INFO - Measurement status for ping target valid.rpki.cloudflare.com from 1015951 returned Stopped. Fetch the results.
2026-06-12 05:00:29 +0300 - [measure] - INFO - Measurement status for ping target invalid.rpki.cloudflare.com from 1015950 returned Stopped. Fetch the results.
2026-06-12 05:00:29 +0300 - [measure] - INFO - Probe 1015951 with src addr 2403:3a00:202:191f:133:167:108:185 sent 3 packets to valid.rpki.cloudflare.com and got 3 replies
2026-06-12 05:00:29 +0300 - [measure] - INFO - Creating a measurement which will ping valid.rpki.cloudflare.com from probes 6455,1004049,1015719,1015720
2026-06-12 05:00:29 +0300 - [measure] - INFO - Probe 1015950 with src addr 2401:2500:102:3014:153:126:156:48 sent 3 packets to invalid.rpki.cloudflare.com and got 3 replies
2026-06-12 05:00:29 +0300 - [measure] - INFO - Creating a measurement which will ping invalid.rpki.cloudflare.com from probes 6455,1004049,1015719,1015720
2026-06-12 05:00:30 +0300 - [measure] - INFO - Measurement status for ping target valid.rpki.cloudflare.com from 12782 returned Stopped. Fetch the results.
2026-06-12 05:00:30 +0300 - [measure] - INFO - Measurement status for ping target invalid.rpki.cloudflare.com from 12782 returned Stopped. Fetch the results.
2026-06-12 05:00:30 +0300 - [measure] - INFO - Probe 12782 with src addr 2001:c90:8220:4f7a:fa1a:67ff:fe4d:939a sent 3 packets to valid.rpki.cloudflare.com and got 0 replies
2026-06-12 05:00:30 +0300 - [measure] - INFO - Creating a measurement which will ping valid.rpki.cloudflare.com from probes 1015099
2026-06-12 05:00:30 +0300 - [measure] - INFO - Probe 12782 with src addr 2001:c90:8220:4f7a:fa1a:67ff:fe4d:939a sent 3 packets to invalid.rpki.cloudflare.com and got 0 replies
2026-06-12 05:00:30 +0300 - [measure] - INFO - Creating a measurement which will ping invalid.rpki.cloudflare.com from probes 1015099
2026-06-12 05:00:30 +0300 - [measure] - INFO - Measurement status for ping target valid.rpki.cloudflare.com from 34665,50304,62268,1015757 returned Stopped. Fetch the results.
2026-06-12 05:00:30 +0300 - [measure] - INFO - Measurement status for ping target invalid.rpki.cloudflare.com from 50417 returned Stopped. Fetch the results.
2026-06-12 05:00:30 +0300 - [measure] - INFO - Probe 34665 with src addr 2405:1200:d117:8d01:c225:e9ff:fe9a:95a sent 3 packets to valid.rpki.cloudflare.com and got 3 replies
2026-06-12 05:00:30 +0300 - [measure] - INFO - Probe 50304 with src addr 2405:1201:610d:4100:1:95ff:fe9a:3298 sent 3 packets to valid.rpki.cloudflare.com and got 3 replies
2026-06-12 05:00:30 +0300 - [measure] - INFO - Probe 62268 with src addr 2405:1203:4381:9100:da58:d7ff:fe03:906 sent 3 packets to valid.rpki.cloudflare.com and got 3 replies
2026-06-12 05:00:30 +0300 - [measure] - INFO - Creating a measurement which will ping valid.rpki.cloudflare.com from probes 1009506
2026-06-12 05:00:30 +0300 - [measure] - INFO - Probe 50417 with src addr 2001:298:2076:50:1:d2ff:fe00:f0bf sent 3 packets to invalid.rpki.cloudflare.com and got 3 replies
2026-06-12 05:00:30 +0300 - [measure] - INFO - Creating a measurement which will ping invalid.rpki.cloudflare.com from probes 1009506
2026-06-12 05:08:15 +0300 - [measure] - INFO - Measurement status for ping target invalid.rpki.cloudflare.com from 6455,1004049,1015719,1015720 returned Stopped. Fetch the results.
2026-06-12 05:08:15 +0300 - [measure] - INFO - Measurement status for ping target valid.rpki.cloudflare.com from 1006511 returned Stopped. Fetch the results.
2026-06-12 05:08:15 +0300 - [measure] - INFO - Probe 1006511 with src addr 2602:fd6f:2d::1 sent 3 packets to valid.rpki.cloudflare.com and got 3 replies
2026-06-12 05:08:15 +0300 - [measure] - INFO - Creating a measurement which will ping valid.rpki.cloudflare.com from probes 1015337
2026-06-12 05:08:15 +0300 - [measure] - INFO - Probe 1004049 with src addr 2001:19f0:7001:2686:5400:1ff:fedd:88be sent 3 packets to invalid.rpki.cloudflare.com and got 0 replies
2026-06-12 05:08:15 +0300 - [measure] - INFO - Probe 1015719 with src addr 2401:c080:1000:28d6:5400:6ff:fe28:542a sent 3 packets to invalid.rpki.cloudflare.com and got 0 replies
2026-06-12 05:08:15 +0300 - [measure] - INFO - Probe 1015720 with src addr 2401:c080:3800:35da:5400:6ff:fe28:5947 sent 3 packets to invalid.rpki.cloudflare.com and got 0 replies
2026-06-12 05:08:15 +0300 - [measure] - INFO - Probe 6455 with src addr 2401:c080:1000:47a5:5400:1ff:fecd:3545 sent 3 packets to invalid.rpki.cloudflare.com and got 0 replies
2026-06-12 05:08:15 +0300 - [measure] - INFO - Creating a measurement which will ping invalid.rpki.cloudflare.com from probes 1015337
2026-06-12 05:08:16 +0300 - [measure] - INFO - Measurement status for ping target invalid.rpki.cloudflare.com from 33107,1004919,1005457,1008206 returned Stopped. Fetch the results.
2026-06-12 05:08:16 +0300 - [measure] - INFO - Probe 1005457 with src addr 2400:2410:bf0a:b904:1827:f3a1:3de1:6610 sent 3 packets to invalid.rpki.cloudflare.com and got 0 replies
2026-06-12 05:08:16 +0300 - [measure] - INFO - Probe 1008206 with src addr 2400:2650:2920:b000:b6e6:4f46:7a82:e43e sent 3 packets to invalid.rpki.cloudflare.com and got 0 replies
2026-06-12 05:08:16 +0300 - [measure] - INFO - Probe 33107 with src addr 2400:2412:bc2:4f00:1ad6:c7ff:fef2:ef92 sent 3 packets to invalid.rpki.cloudflare.com and got 0 replies
2026-06-12 05:08:16 +0300 - [measure] - INFO - Creating a measurement which will ping valid.rpki.cloudflare.com from probes 1014213
2026-06-12 05:08:16 +0300 - [measure] - INFO - Measurement status for ping target invalid.rpki.cloudflare.com from 1006511 returned Stopped. Fetch the results.
2026-06-12 05:08:16 +0300 - [measure] - INFO - Probe 1006511 with src addr 2602:fd6f:2d::1 sent 3 packets to invalid.rpki.cloudflare.com and got 3 replies
2026-06-12 05:08:16 +0300 - [measure] - INFO - Creating a measurement which will ping invalid.rpki.cloudflare.com from probes 1014213
2026-06-12 05:08:17 +0300 - [measure] - INFO - Measurement status for ping target invalid.rpki.cloudflare.com from 1012176 returned Stopped. Fetch the results.
2026-06-12 05:08:17 +0300 - [measure] - INFO - Probe 1012176 with src addr 2607:fdc0:301:9:262:bff:fecd:a6f0 sent 3 packets to invalid.rpki.cloudflare.com and got 3 replies
2026-06-12 05:08:17 +0300 - [measure] - INFO - Creating a measurement which will ping valid.rpki.cloudflare.com from probes 1002678,1003990,1003991,1004110,1011841,1012227,1012979
2026-06-12 05:08:17 +0300 - [measure] - INFO - Measurement status for ping target invalid.rpki.cloudflare.com from 61328,61431 returned Stopped. Fetch the results.
2026-06-12 05:08:18 +0300 - [measure] - INFO - Probe 61328 with src addr 2402:6b00:f028:2500:da58:d7ff:fe03:2d2 sent 3 packets to invalid.rpki.cloudflare.com and got 3 replies
2026-06-12 05:08:18 +0300 - [measure] - INFO - Probe 61431 with src addr 2402:6b00:eb2f:8100:da58:d7ff:fe03:8d8 sent 3 packets to invalid.rpki.cloudflare.com and got 3 replies
2026-06-12 05:08:18 +0300 - [measure] - INFO - Creating a measurement which will ping invalid.rpki.cloudflare.com from probes 1002678,1003990,1003991,1004110,1011841,1012227,1012979
2026-06-12 05:08:18 +0300 - [measure] - INFO - Measurement status for ping target valid.rpki.cloudflare.com from 33107,1004919,1005457,1008206 returned Stopped. Fetch the results.
2026-06-12 05:08:18 +0300 - [measure] - INFO - Measurement status for ping target valid.rpki.cloudflare.com from 1012176 returned Stopped. Fetch the results.
2026-06-12 05:08:18 +0300 - [measure] - INFO - Probe 1005457 with src addr 2400:2410:bf0a:b904:1827:f3a1:3de1:6610 sent 3 packets to valid.rpki.cloudflare.com and got 3 replies
2026-06-12 05:08:18 +0300 - [measure] - INFO - Probe 1008206 with src addr 2400:2650:2920:b000:b6e6:4f46:7a82:e43e sent 3 packets to valid.rpki.cloudflare.com and got 3 replies
2026-06-12 05:08:18 +0300 - [measure] - INFO - Probe 33107 with src addr 2400:2412:bc2:4f00:1ad6:c7ff:fef2:ef92 sent 3 packets to valid.rpki.cloudflare.com and got 3 replies
2026-06-12 05:08:18 +0300 - [measure] - INFO - Creating a measurement which will ping valid.rpki.cloudflare.com from probes 26859
2026-06-12 05:08:18 +0300 - [measure] - INFO - Probe 1012176 with src addr 2607:fdc0:301:9:262:bff:fecd:a6f0 sent 3 packets to valid.rpki.cloudflare.com and got 3 replies
2026-06-12 05:08:18 +0300 - [measure] - INFO - Creating a measurement which will ping invalid.rpki.cloudflare.com from probes 26859
2026-06-12 05:08:19 +0300 - [measure] - INFO - Measurement status for ping target invalid.rpki.cloudflare.com from 1015099 returned Stopped. Fetch the results.
2026-06-12 05:08:19 +0300 - [measure] - INFO - Measurement status for ping target invalid.rpki.cloudflare.com from 1014883 returned Stopped. Fetch the results.
2026-06-12 05:08:19 +0300 - [measure] - INFO - Probe 1015099 with src addr 2607:fa98:4000::10 sent 3 packets to invalid.rpki.cloudflare.com and got 0 replies
2026-06-12 05:08:19 +0300 - [measure] - INFO - Creating a measurement which will ping valid.rpki.cloudflare.com from probes 1005742,1011375,1015960
2026-06-12 05:08:19 +0300 - [measure] - INFO - Probe 1014883 with src addr 2001:3b0:22:b2d1:215:5dff:fe01:6701 sent 3 packets to invalid.rpki.cloudflare.com and got 3 replies
2026-06-12 05:08:19 +0300 - [measure] - INFO - Creating a measurement which will ping invalid.rpki.cloudflare.com from probes 1005742,1011375,1015960
2026-06-12 05:08:19 +0300 - [measure] - INFO - Measurement status for ping target valid.rpki.cloudflare.com from 1015099 returned Stopped. Fetch the results.
2026-06-12 05:08:19 +0300 - [measure] - INFO - Measurement status for ping target valid.rpki.cloudflare.com from 50385,55494,1007612,1009070 returned Stopped. Fetch the results.
2026-06-12 05:08:19 +0300 - [measure] - INFO - Measurement status for ping target valid.rpki.cloudflare.com from 61328,61431 returned Stopped. Fetch the results.
2026-06-12 05:08:19 +0300 - [measure] - INFO - Measurement status for ping target valid.rpki.cloudflare.com from 1009506 returned Stopped. Fetch the results.
2026-06-12 05:08:19 +0300 - [measure] - INFO - Measurement status for ping target valid.rpki.cloudflare.com from 1014883 returned Stopped. Fetch the results.
2026-06-12 05:08:19 +0300 - [measure] - INFO - Measurement status for ping target invalid.rpki.cloudflare.com from 1009506 returned Stopped. Fetch the results.
2026-06-12 05:08:19 +0300 - [measure] - INFO - Probe 1007612 with src addr 2001:ce8:130:2348:88ac:cc77:dfd8:33e1 sent 3 packets to valid.rpki.cloudflare.com and got 0 replies
2026-06-12 05:08:19 +0300 - [measure] - INFO - Probe 1009070 with src addr 2001:ce8:147:f092:be24:11ff:fe89:5426 sent 3 packets to valid.rpki.cloudflare.com and got 3 replies
2026-06-12 05:08:19 +0300 - [measure] - INFO - Probe 50385 with src addr 2001:ce8:137:e439:1:c3ff:fe76:1b6b sent 3 packets to valid.rpki.cloudflare.com and got 3 replies
2026-06-12 05:08:19 +0300 - [measure] - INFO - Probe 55494 with src addr 2001:ce8:127:fc36:1:1dff:fe65:352b sent 3 packets to valid.rpki.cloudflare.com and got 3 replies
2026-06-12 05:08:19 +0300 - [measure] - INFO - Creating a measurement which will ping valid.rpki.cloudflare.com from probes 2299,7560,7563
2026-06-12 05:08:19 +0300 - [measure] - INFO - Probe 1015099 with src addr 2607:fa98:4000::10 sent 3 packets to valid.rpki.cloudflare.com and got 3 replies
2026-06-12 05:08:19 +0300 - [measure] - INFO - Creating a measurement which will ping invalid.rpki.cloudflare.com from probes 2299,7560,7563
2026-06-12 05:08:19 +0300 - [measure] - INFO - Probe 1009506 with src addr 2406:8c00:0:3408:133:18:201:167 sent 3 packets to valid.rpki.cloudflare.com and got 3 replies
2026-06-12 05:08:19 +0300 - [measure] - INFO - Creating a measurement which will ping valid.rpki.cloudflare.com from probes 1012750
2026-06-12 05:08:19 +0300 - [measure] - INFO - Measurement status for ping target valid.rpki.cloudflare.com from 6983 returned Stopped. Fetch the results.
2026-06-12 05:08:19 +0300 - [measure] - INFO - Measurement status for ping target valid.rpki.cloudflare.com from 6455,1004049,1015719,1015720 returned Stopped. Fetch the results.
2026-06-12 05:08:20 +0300 - [measure] - INFO - Probe 1014883 with src addr 2001:3b0:22:b2d1:215:5dff:fe01:6701 sent 3 packets to valid.rpki.cloudflare.com and got 3 replies
2026-06-12 05:08:20 +0300 - [measure] - INFO - Creating a measurement which will ping invalid.rpki.cloudflare.com from probes 1012750
2026-06-12 05:08:20 +0300 - [measure] - INFO - Measurement status for ping target invalid.rpki.cloudflare.com from 50385,55494,1007612,1009070 returned Stopped. Fetch the results.
2026-06-12 05:08:20 +0300 - [measure] - INFO - Probe 1009506 with src addr 2406:8c00:0:3408:133:18:201:167 sent 3 packets to invalid.rpki.cloudflare.com and got 3 replies
2026-06-12 05:08:20 +0300 - [measure] - INFO - Creating a measurement which will ping valid.rpki.cloudflare.com from probes 7642
2026-06-12 05:08:20 +0300 - [measure] - INFO - Probe 61328 with src addr 2402:6b00:f028:2500:da58:d7ff:fe03:2d2 sent 3 packets to valid.rpki.cloudflare.com and got 3 replies
2026-06-12 05:08:20 +0300 - [measure] - INFO - Probe 61431 with src addr 2402:6b00:eb2f:8100:da58:d7ff:fe03:8d8 sent 3 packets to valid.rpki.cloudflare.com and got 3 replies
2026-06-12 05:08:20 +0300 - [measure] - INFO - Creating a measurement which will ping invalid.rpki.cloudflare.com from probes 7642
2026-06-12 05:08:20 +0300 - [measure] - INFO - Probe 6983 with src addr 2610:a1:3058:252::254 sent 3 packets to valid.rpki.cloudflare.com and got 0 replies
2026-06-12 05:08:20 +0300 - [measure] - INFO - Creating a measurement which will ping valid.rpki.cloudflare.com from probes 234,12199,26804,50447,51663,1005888,1005891,1005892,1005893,1007621,1008990,1013906,1014289
2026-06-12 05:08:20 +0300 - [measure] - INFO - Measurement status for ping target invalid.rpki.cloudflare.com from 6983 returned Stopped. Fetch the results.
2026-06-12 05:08:20 +0300 - [measure] - INFO - Probe 1004049 with src addr 2001:19f0:7001:2686:5400:1ff:fedd:88be sent 3 packets to valid.rpki.cloudflare.com and got 3 replies
2026-06-12 05:08:20 +0300 - [measure] - INFO - Probe 1015719 with src addr 2401:c080:1000:28d6:5400:6ff:fe28:542a sent 3 packets to valid.rpki.cloudflare.com and got 3 replies
2026-06-12 05:08:20 +0300 - [measure] - INFO - Probe 1015720 with src addr 2401:c080:3800:35da:5400:6ff:fe28:5947 sent 3 packets to valid.rpki.cloudflare.com and got 3 replies
2026-06-12 05:08:20 +0300 - [measure] - INFO - Probe 6455 with src addr 2401:c080:1000:47a5:5400:1ff:fecd:3545 sent 3 packets to valid.rpki.cloudflare.com and got 3 replies
2026-06-12 05:08:20 +0300 - [measure] - INFO - Creating a measurement which will ping invalid.rpki.cloudflare.com from probes 234,12199,26804,50447,51663,1005888,1005891,1005892,1005893,1007621,1008990,1013906,1014289
2026-06-12 05:08:20 +0300 - [measure] - INFO - Probe 1007612 with src addr 2001:ce8:130:2348:88ac:cc77:dfd8:33e1 sent 3 packets to invalid.rpki.cloudflare.com and got 0 replies
2026-06-12 05:08:20 +0300 - [measure] - INFO - Probe 1009070 with src addr 2001:ce8:147:f092:be24:11ff:fe89:5426 sent 3 packets to invalid.rpki.cloudflare.com and got 3 replies
2026-06-12 05:08:20 +0300 - [measure] - INFO - Probe 50385 with src addr 2001:ce8:137:e439:1:c3ff:fe76:1b6b sent 3 packets to invalid.rpki.cloudflare.com and got 3 replies
2026-06-12 05:08:20 +0300 - [measure] - INFO - Probe 55494 with src addr 2001:ce8:127:fc36:1:1dff:fe65:352b sent 3 packets to invalid.rpki.cloudflare.com and got 3 replies
2026-06-12 05:08:20 +0300 - [measure] - INFO - Creating a measurement which will ping valid.rpki.cloudflare.com from probes 32172,52158,61424
2026-06-12 05:08:20 +0300 - [measure] - INFO - Probe 6983 with src addr 2610:a1:3058:252::254 sent 3 packets to invalid.rpki.cloudflare.com and got 0 replies
2026-06-12 05:08:20 +0300 - [measure] - INFO - Creating a measurement which will ping invalid.rpki.cloudflare.com from probes 32172,52158,61424
2026-06-12 05:16:08 +0300 - [measure] - INFO - Measurement status for ping target valid.rpki.cloudflare.com from 1002678,1003990,1003991,1004110,1011841,1012227,1012979 returned Stopped. Fetch the results.
2026-06-12 05:16:09 +0300 - [measure] - INFO - Measurement status for ping target valid.rpki.cloudflare.com from 1005742,1011375,1015960 returned Stopped. Fetch the results.
2026-06-12 05:16:09 +0300 - [measure] - INFO - Measurement status for ping target invalid.rpki.cloudflare.com from 2299,7560,7563 returned Stopped. Fetch the results.
2026-06-12 05:16:09 +0300 - [measure] - INFO - Probe 1002678 with src addr 2603:c023:2:e306:d29b:1e1d:bcd5:423 sent 3 packets to valid.rpki.cloudflare.com and got 3 replies
2026-06-12 05:16:09 +0300 - [measure] - INFO - Probe 1003990 with src addr 2603:c021:8002:3501:cc82:2dcb:ffd8:c7e6 sent 3 packets to valid.rpki.cloudflare.com and got 3 replies
2026-06-12 05:16:09 +0300 - [measure] - INFO - Probe 1003991 with src addr 2603:c023:3:8900:b019:1ea4:e35f:2ea6 sent 3 packets to valid.rpki.cloudflare.com and got 3 replies
2026-06-12 05:16:09 +0300 - [measure] - INFO - Probe 1004110 with src addr 2603:c021:800b:1201::8000 sent 3 packets to valid.rpki.cloudflare.com and got 3 replies
2026-06-12 05:16:09 +0300 - [measure] - INFO - Probe 1011841 with src addr 2603:c021:8000:c908:0:66d8:cca9:5837 sent 3 packets to valid.rpki.cloudflare.com and got 3 replies
2026-06-12 05:16:09 +0300 - [measure] - INFO - Probe 1012979 with src addr 2603:c021:800c:3202::22 sent 3 packets to valid.rpki.cloudflare.com and got 3 replies
2026-06-12 05:16:09 +0300 - [measure] - INFO - Creating a measurement which will ping valid.rpki.cloudflare.com from probes 6974
2026-06-12 05:16:09 +0300 - [measure] - INFO - Measurement status for ping target invalid.rpki.cloudflare.com from 26859 returned Stopped. Fetch the results.
2026-06-12 05:16:09 +0300 - [measure] - INFO - Probe 1005742 with src addr 240b:4009:231:e632:b6bc:7edd:7665:ae9d sent 3 packets to valid.rpki.cloudflare.com and got 3 replies
2026-06-12 05:16:09 +0300 - [measure] - INFO - Probe 1011375 with src addr 240b:4009:25a:1801:0:9ba6:3f04:81d6 sent 3 packets to valid.rpki.cloudflare.com and got 3 replies
2026-06-12 05:16:09 +0300 - [measure] - INFO - Probe 1015960 with src addr 240b:4009:22b:4f00:e407:229b:94e1:22ae sent 3 packets to valid.rpki.cloudflare.com and got 3 replies
2026-06-12 05:16:09 +0300 - [measure] - INFO - Creating a measurement which will ping invalid.rpki.cloudflare.com from probes 6974
2026-06-12 05:16:09 +0300 - [measure] - INFO - Probe 7560 with src addr 2001:df6:a680:2006:103:167:46:8 sent 3 packets to invalid.rpki.cloudflare.com and got 0 replies
2026-06-12 05:16:09 +0300 - [measure] - INFO - Probe 7563 with src addr 2001:df6:a680:1014:103:167:46:71 sent 3 packets to invalid.rpki.cloudflare.com and got 0 replies
2026-06-12 05:16:09 +0300 - [measure] - INFO - Creating a measurement which will ping valid.rpki.cloudflare.com from probes 13821
2026-06-12 05:16:09 +0300 - [measure] - INFO - Probe 26859 with src addr 2001:df0:eb:e600:c66e:1fff:fe3a:d114 sent 0 packets to invalid.rpki.cloudflare.com and got 0 replies
2026-06-12 05:16:09 +0300 - [measure] - INFO - Creating a measurement which will ping invalid.rpki.cloudflare.com from probes 13821
2026-06-12 05:16:09 +0300 - [measure] - INFO - Measurement status for ping target valid.rpki.cloudflare.com from 26859 returned Stopped. Fetch the results.
2026-06-12 05:16:09 +0300 - [measure] - INFO - Probe 26859 with src addr 2001:df0:eb:e600:c66e:1fff:fe3a:d114 sent 0 packets to valid.rpki.cloudflare.com and got 0 replies
2026-06-12 05:16:09 +0300 - [measure] - INFO - Creating a measurement which will ping valid.rpki.cloudflare.com from probes 6370,28820
2026-06-12 05:16:09 +0300 - [measure] - INFO - Measurement status for ping target valid.rpki.cloudflare.com from 7642 returned Stopped. Fetch the results.
2026-06-12 05:16:10 +0300 - [measure] - INFO - Probe 7642 with src addr 2a00:1633:90:10:: sent 3 packets to valid.rpki.cloudflare.com and got 3 replies
2026-06-12 05:16:10 +0300 - [measure] - INFO - Creating a measurement which will ping invalid.rpki.cloudflare.com from probes 6370,28820
2026-06-12 05:16:10 +0300 - [measure] - INFO - Measurement status for ping target invalid.rpki.cloudflare.com from 1015337 returned Stopped. Fetch the results.
2026-06-12 05:16:10 +0300 - [measure] - INFO - Measurement status for ping target valid.rpki.cloudflare.com from 1012750 returned Stopped. Fetch the results.
2026-06-12 05:16:10 +0300 - [measure] - INFO - Probe 1015337 with src addr 2607:8700:3400:e9c8::2 sent 3 packets to invalid.rpki.cloudflare.com and got 0 replies
2026-06-12 05:16:10 +0300 - [measure] - INFO - Creating a measurement which will ping valid.rpki.cloudflare.com from probes 30306,31111
2026-06-12 05:16:10 +0300 - [measure] - INFO - Probe 1012750 with src addr 2602:feda:60::a sent 3 packets to valid.rpki.cloudflare.com and got 3 replies
2026-06-12 05:16:10 +0300 - [measure] - INFO - Creating a measurement which will ping invalid.rpki.cloudflare.com from probes 30306,31111
2026-06-12 05:16:10 +0300 - [measure] - INFO - Measurement status for ping target valid.rpki.cloudflare.com from 32172,52158,61424 returned Stopped. Fetch the results.
2026-06-12 05:16:10 +0300 - [measure] - INFO - Measurement status for ping target invalid.rpki.cloudflare.com from 1005742,1011375,1015960 returned Stopped. Fetch the results.
2026-06-12 05:16:10 +0300 - [measure] - INFO - Measurement status for ping target invalid.rpki.cloudflare.com from 234,12199,26804,50447,51663,1005888,1005891,1005892,1005893,1007621,1008990,1013906,1014289 returned Stopped. Fetch the results.
2026-06-12 05:16:10 +0300 - [measure] - INFO - Probe 32172 with src addr 2409:251:1680:1f0:d66e:eff:fe23:5d3c sent 3 packets to valid.rpki.cloudflare.com and got 3 replies
2026-06-12 05:16:10 +0300 - [measure] - INFO - Probe 52158 with src addr 2409:250:3fe0:f600:1:62ff:fed8:c846 sent 3 packets to valid.rpki.cloudflare.com and got 3 replies
2026-06-12 05:16:10 +0300 - [measure] - INFO - Probe 61424 with src addr 2409:253:53c0:700:da58:d7ff:fe03:d1 sent 3 packets to valid.rpki.cloudflare.com and got 3 replies
2026-06-12 05:16:10 +0300 - [measure] - INFO - Creating a measurement which will ping valid.rpki.cloudflare.com from probes 1010148
2026-06-12 05:16:10 +0300 - [measure] - INFO - Probe 1005742 with src addr 240b:4009:231:e632:b6bc:7edd:7665:ae9d sent 3 packets to invalid.rpki.cloudflare.com and got 0 replies
2026-06-12 05:16:10 +0300 - [measure] - INFO - Probe 1011375 with src addr 240b:4009:25a:1801:0:9ba6:3f04:81d6 sent 3 packets to invalid.rpki.cloudflare.com and got 0 replies
2026-06-12 05:16:10 +0300 - [measure] - INFO - Probe 1015960 with src addr 240b:4009:22b:4f00:e407:229b:94e1:22ae sent 3 packets to invalid.rpki.cloudflare.com and got 0 replies
2026-06-12 05:16:10 +0300 - [measure] - INFO - Creating a measurement which will ping invalid.rpki.cloudflare.com from probes 1010148
2026-06-12 05:16:10 +0300 - [measure] - INFO - Probe 1005888 with src addr 2409:11:8820:90f::1 sent 3 packets to invalid.rpki.cloudflare.com and got 3 replies
2026-06-12 05:16:10 +0300 - [measure] - INFO - Probe 1007621 with src addr 2409:10:8a40:2500:be24:11ff:fec6:7e79 sent 3 packets to invalid.rpki.cloudflare.com and got 3 replies
2026-06-12 05:16:10 +0300 - [measure] - INFO - Probe 1008990 with src addr 2409:10:f00:c101:fe6b:ab7e:e8e3:5a9e sent 3 packets to invalid.rpki.cloudflare.com and got 3 replies
2026-06-12 05:16:10 +0300 - [measure] - INFO - Probe 1013906 with src addr 2409:10:9960:1700:a00:27ff:fe9d:8025 sent 3 packets to invalid.rpki.cloudflare.com and got 3 replies
2026-06-12 05:16:10 +0300 - [measure] - INFO - Probe 1014289 with src addr 2409:13:d060:8300:410e:a1a5:ffff:1 sent 3 packets to invalid.rpki.cloudflare.com and got 3 replies
2026-06-12 05:16:10 +0300 - [measure] - INFO - Probe 12199 with src addr 2409:11:ada0:6600:fa1a:67ff:fe4d:7f82 sent 3 packets to invalid.rpki.cloudflare.com and got 3 replies
2026-06-12 05:16:10 +0300 - [measure] - INFO - Probe 26804 with src addr 2409:10:8ea0:f0:16cc:20ff:fe48:cf2a sent 3 packets to invalid.rpki.cloudflare.com and got 3 replies
2026-06-12 05:16:10 +0300 - [measure] - INFO - Probe 50447 with src addr 2409:11:8520:7c00:1:deff:feff:d033 sent 3 packets to invalid.rpki.cloudflare.com and got 3 replies
2026-06-12 05:16:10 +0300 - [measure] - INFO - Probe 51663 with src addr 2409:10:bae0:1000:1:79ff:fe29:e11d sent 3 packets to invalid.rpki.cloudflare.com and got 3 replies
2026-06-12 05:16:10 +0300 - [measure] - INFO - Creating a measurement which will ping valid.rpki.cloudflare.com from probes 1014430
2026-06-12 05:16:11 +0300 - [measure] - INFO - Measurement status for ping target invalid.rpki.cloudflare.com from 7642 returned Stopped. Fetch the results.
2026-06-12 05:16:11 +0300 - [measure] - INFO - Measurement status for ping target valid.rpki.cloudflare.com from 2299,7560,7563 returned Stopped. Fetch the results.
2026-06-12 05:16:11 +0300 - [measure] - INFO - Probe 7642 with src addr 2a00:1633:90:10:: sent 3 packets to invalid.rpki.cloudflare.com and got 3 replies
2026-06-12 05:16:11 +0300 - [measure] - INFO - Creating a measurement which will ping invalid.rpki.cloudflare.com from probes 1014430
2026-06-12 05:16:11 +0300 - [measure] - INFO - Measurement status for ping target invalid.rpki.cloudflare.com from 1012750 returned Stopped. Fetch the results.
2026-06-12 05:16:11 +0300 - [measure] - INFO - Probe 7560 with src addr 2001:df6:a680:2006:103:167:46:8 sent 3 packets to valid.rpki.cloudflare.com and got 3 replies
2026-06-12 05:16:11 +0300 - [measure] - INFO - Probe 7563 with src addr 2001:df6:a680:1014:103:167:46:71 sent 3 packets to valid.rpki.cloudflare.com and got 3 replies
2026-06-12 05:16:11 +0300 - [measure] - INFO - Creating a measurement which will ping valid.rpki.cloudflare.com from probes 7557
2026-06-12 05:16:11 +0300 - [measure] - INFO - Probe 1012750 with src addr 2602:feda:60::a sent 3 packets to invalid.rpki.cloudflare.com and got 0 replies
2026-06-12 05:16:11 +0300 - [measure] - INFO - Creating a measurement which will ping invalid.rpki.cloudflare.com from probes 7557
2026-06-12 05:16:11 +0300 - [measure] - INFO - Measurement status for ping target valid.rpki.cloudflare.com from 1014213 returned Stopped. Fetch the results.
2026-06-12 05:16:11 +0300 - [measure] - INFO - Measurement status for ping target valid.rpki.cloudflare.com from 234,12199,26804,50447,51663,1005888,1005891,1005892,1005893,1007621,1008990,1013906,1014289 returned Stopped. Fetch the results.
2026-06-12 05:16:11 +0300 - [measure] - INFO - Probe 1014213 with src addr 2001:49f0:d0d9:11:be24:11ff:feab:70c9 sent 3 packets to valid.rpki.cloudflare.com and got 3 replies
2026-06-12 05:16:11 +0300 - [measure] - INFO - Creating a measurement which will ping valid.rpki.cloudflare.com from probes 1003730
2026-06-12 05:16:11 +0300 - [measure] - INFO - Probe 1005888 with src addr 2409:11:8820:90f::1 sent 3 packets to valid.rpki.cloudflare.com and got 3 replies
2026-06-12 05:16:11 +0300 - [measure] - INFO - Probe 1007621 with src addr 2409:10:8a40:2500:be24:11ff:fec6:7e79 sent 3 packets to valid.rpki.cloudflare.com and got 3 replies
2026-06-12 05:16:11 +0300 - [measure] - INFO - Probe 1008990 with src addr 2409:10:f00:c101:fe6b:ab7e:e8e3:5a9e sent 3 packets to valid.rpki.cloudflare.com and got 3 replies
2026-06-12 05:16:11 +0300 - [measure] - INFO - Probe 1013906 with src addr 2409:10:9960:1700:a00:27ff:fe9d:8025 sent 3 packets to valid.rpki.cloudflare.com and got 3 replies
2026-06-12 05:16:11 +0300 - [measure] - INFO - Probe 1014289 with src addr 2409:13:d060:8300:410e:a1a5:ffff:1 sent 3 packets to valid.rpki.cloudflare.com and got 3 replies
2026-06-12 05:16:11 +0300 - [measure] - INFO - Probe 12199 with src addr 2409:11:ada0:6600:fa1a:67ff:fe4d:7f82 sent 3 packets to valid.rpki.cloudflare.com and got 3 replies
2026-06-12 05:16:11 +0300 - [measure] - INFO - Probe 26804 with src addr 2409:10:8ea0:f0:16cc:20ff:fe48:cf2a sent 3 packets to valid.rpki.cloudflare.com and got 3 replies
2026-06-12 05:16:11 +0300 - [measure] - INFO - Probe 50447 with src addr 2409:11:8520:7c00:1:deff:feff:d033 sent 3 packets to valid.rpki.cloudflare.com and got 3 replies
2026-06-12 05:16:11 +0300 - [measure] - INFO - Probe 51663 with src addr 2409:10:bae0:1000:1:79ff:fe29:e11d sent 3 packets to valid.rpki.cloudflare.com and got 3 replies
2026-06-12 05:16:11 +0300 - [measure] - INFO - Creating a measurement which will ping invalid.rpki.cloudflare.com from probes 1003730
2026-06-12 05:16:12 +0300 - [measure] - INFO - Measurement status for ping target invalid.rpki.cloudflare.com from 1014213 returned Stopped. Fetch the results.
2026-06-12 05:16:12 +0300 - [measure] - INFO - Probe 1014213 with src addr 2001:49f0:d0d9:11:be24:11ff:feab:70c9 sent 3 packets to invalid.rpki.cloudflare.com and got 3 replies
2026-06-12 05:16:12 +0300 - [measure] - INFO - Creating a measurement which will ping valid.rpki.cloudflare.com from probes 1006002
2026-06-12 05:16:12 +0300 - [measure] - INFO - Measurement status for ping target valid.rpki.cloudflare.com from 1015337 returned Stopped. Fetch the results.
2026-06-12 05:16:12 +0300 - [measure] - INFO - Probe 1015337 with src addr 2607:8700:3400:e9c8::2 sent 3 packets to valid.rpki.cloudflare.com and got 3 replies
2026-06-12 05:16:12 +0300 - [measure] - INFO - Creating a measurement which will ping invalid.rpki.cloudflare.com from probes 1006002
2026-06-12 05:16:13 +0300 - [measure] - INFO - Measurement status for ping target invalid.rpki.cloudflare.com from 1002678,1003990,1003991,1004110,1011841,1012227,1012979 returned Stopped. Fetch the results.
2026-06-12 05:16:13 +0300 - [measure] - INFO - Measurement status for ping target invalid.rpki.cloudflare.com from 32172,52158,61424 returned Stopped. Fetch the results.
2026-06-12 05:16:13 +0300 - [measure] - INFO - Probe 32172 with src addr 2409:251:1680:1f0:d66e:eff:fe23:5d3c sent 3 packets to invalid.rpki.cloudflare.com and got 3 replies
2026-06-12 05:16:13 +0300 - [measure] - INFO - Probe 52158 with src addr 2409:250:3fe0:f600:1:62ff:fed8:c846 sent 3 packets to invalid.rpki.cloudflare.com and got 3 replies
2026-06-12 05:16:13 +0300 - [measure] - INFO - Probe 61424 with src addr 2409:253:53c0:700:da58:d7ff:fe03:d1 sent 3 packets to invalid.rpki.cloudflare.com and got 3 replies
2026-06-12 05:16:13 +0300 - [measure] - INFO - Creating a measurement which will ping valid.rpki.cloudflare.com from probes 7433,1009516
2026-06-12 05:16:13 +0300 - [measure] - INFO - Probe 1002678 with src addr 2603:c023:2:e306:d29b:1e1d:bcd5:423 sent 3 packets to invalid.rpki.cloudflare.com and got 3 replies
2026-06-12 05:16:13 +0300 - [measure] - INFO - Probe 1003990 with src addr 2603:c021:8002:3501:cc82:2dcb:ffd8:c7e6 sent 3 packets to invalid.rpki.cloudflare.com and got 3 replies
2026-06-12 05:16:13 +0300 - [measure] - INFO - Probe 1003991 with src addr 2603:c023:3:8900:b019:1ea4:e35f:2ea6 sent 3 packets to invalid.rpki.cloudflare.com and got 3 replies
2026-06-12 05:16:13 +0300 - [measure] - INFO - Probe 1004110 with src addr 2603:c021:800b:1201::8000 sent 3 packets to invalid.rpki.cloudflare.com and got 3 replies
2026-06-12 05:16:13 +0300 - [measure] - INFO - Probe 1011841 with src addr 2603:c021:8000:c908:0:66d8:cca9:5837 sent 3 packets to invalid.rpki.cloudflare.com and got 3 replies
2026-06-12 05:16:13 +0300 - [measure] - INFO - Probe 1012979 with src addr 2603:c021:800c:3202::22 sent 3 packets to invalid.rpki.cloudflare.com and got 3 replies
2026-06-12 05:16:13 +0300 - [measure] - INFO - Creating a measurement which will ping invalid.rpki.cloudflare.com from probes 7433,1009516
2026-06-12 05:24:06 +0300 - [measure] - INFO - Measurement status for ping target valid.rpki.cloudflare.com from 7557 returned Stopped. Fetch the results.
2026-06-12 05:24:07 +0300 - [measure] - INFO - Probe 7557 with src addr 2401:7640:4002:4::60 sent 3 packets to valid.rpki.cloudflare.com and got 3 replies
2026-06-12 05:24:07 +0300 - [measure] - INFO - Creating a measurement which will ping valid.rpki.cloudflare.com from probes 1003895,1005590,1010887,1014409,1014410,1014411,1014412
2026-06-12 05:24:07 +0300 - [measure] - INFO - Measurement status for ping target invalid.rpki.cloudflare.com from 1003730 returned Stopped. Fetch the results.
2026-06-12 05:24:07 +0300 - [measure] - INFO - Measurement status for ping target invalid.rpki.cloudflare.com from 6370,28820 returned Stopped. Fetch the results.
2026-06-12 05:24:07 +0300 - [measure] - INFO - Measurement status for ping target valid.rpki.cloudflare.com from 1003730 returned Stopped. Fetch the results.
2026-06-12 05:24:07 +0300 - [measure] - INFO - Measurement status for ping target valid.rpki.cloudflare.com from 1014430 returned Stopped. Fetch the results.
2026-06-12 05:24:07 +0300 - [measure] - INFO - Measurement status for ping target invalid.rpki.cloudflare.com from 13821 returned Stopped. Fetch the results.
2026-06-12 05:24:07 +0300 - [measure] - INFO - Probe 1003730 with src addr 2405:5340::44 sent 3 packets to invalid.rpki.cloudflare.com and got 0 replies
2026-06-12 05:24:07 +0300 - [measure] - INFO - Creating a measurement which will ping invalid.rpki.cloudflare.com from probes 1003895,1005590,1010887,1014409,1014410,1014411,1014412
2026-06-12 05:24:07 +0300 - [measure] - INFO - Probe 28820 with src addr 2403:bd80:c002:1321:f6f2:6dff:fe5d:c80a sent 3 packets to invalid.rpki.cloudflare.com and got 0 replies
2026-06-12 05:24:07 +0300 - [measure] - INFO - Probe 6370 with src addr 2403:bd80:c001:1:103:202:216:76 sent 3 packets to invalid.rpki.cloudflare.com and got 0 replies
2026-06-12 05:24:07 +0300 - [measure] - INFO - Creating a measurement which will ping valid.rpki.cloudflare.com from probes 1015699
2026-06-12 05:24:07 +0300 - [measure] - INFO - Measurement status for ping target invalid.rpki.cloudflare.com from 7557 returned Stopped. Fetch the results.
2026-06-12 05:24:07 +0300 - [measure] - INFO - Probe 1003730 with src addr 2405:5340::44 sent 3 packets to valid.rpki.cloudflare.com and got 3 replies
2026-06-12 05:24:07 +0300 - [measure] - INFO - Creating a measurement which will ping invalid.rpki.cloudflare.com from probes 1015699
2026-06-12 05:24:07 +0300 - [measure] - INFO - Probe 1014430 with src addr 2602:fa4f:a30:52b9:ca88:abc5:efcf:e71 sent 3 packets to valid.rpki.cloudflare.com and got 3 replies
2026-06-12 05:24:07 +0300 - [measure] - INFO - Creating a measurement which will ping valid.rpki.cloudflare.com from probes 65595
2026-06-12 05:24:07 +0300 - [measure] - INFO - Probe 13821 with src addr 2401:98a0::157:66:181:6 sent 3 packets to invalid.rpki.cloudflare.com and got 3 replies
2026-06-12 05:24:07 +0300 - [measure] - INFO - Creating a measurement which will ping invalid.rpki.cloudflare.com from probes 65595
2026-06-12 05:24:07 +0300 - [measure] - INFO - Probe 7557 with src addr 2401:7640:4002:4::60 sent 3 packets to invalid.rpki.cloudflare.com and got 0 replies
2026-06-12 05:24:07 +0300 - [measure] - INFO - Creating a measurement which will ping valid.rpki.cloudflare.com from probes 1010359,1010361
2026-06-12 05:24:08 +0300 - [measure] - WARNING - Measurement status for ping target valid.rpki.cloudflare.com from 1006002 returned Failed. Skipping results fetch.
2026-06-12 05:24:08 +0300 - [measure] - INFO - Creating a measurement which will ping invalid.rpki.cloudflare.com from probes 1010359,1010361
2026-06-12 05:24:09 +0300 - [measure] - INFO - Measurement status for ping target valid.rpki.cloudflare.com from 6974 returned Stopped. Fetch the results.
2026-06-12 05:24:09 +0300 - [measure] - WARNING - Measurement status for ping target invalid.rpki.cloudflare.com from 1006002 returned Failed. Skipping results fetch.
2026-06-12 05:24:09 +0300 - [measure] - INFO - Creating a measurement which will ping valid.rpki.cloudflare.com from probes 1002023,1011387
2026-06-12 05:24:09 +0300 - [measure] - INFO - Probe 6974 with src addr 2406:2600:4:ff02::2 sent 3 packets to valid.rpki.cloudflare.com and got 3 replies
2026-06-12 05:24:09 +0300 - [measure] - INFO - Creating a measurement which will ping invalid.rpki.cloudflare.com from probes 1002023,1011387
2026-06-12 05:24:10 +0300 - [measure] - INFO - Measurement status for ping target valid.rpki.cloudflare.com from 7433,1009516 returned Stopped. Fetch the results.
2026-06-12 05:24:10 +0300 - [measure] - INFO - Probe 1009516 with src addr 2402:3160:1ee:51::1 sent 3 packets to valid.rpki.cloudflare.com and got 3 replies
2026-06-12 05:24:10 +0300 - [measure] - INFO - Probe 7433 with src addr 2402:3160:1ee:52::1111 sent 3 packets to valid.rpki.cloudflare.com and got 3 replies
2026-06-12 05:24:10 +0300 - [measure] - INFO - Creating a measurement which will ping valid.rpki.cloudflare.com from probes 1006609
2026-06-12 05:24:10 +0300 - [measure] - INFO - Measurement status for ping target invalid.rpki.cloudflare.com from 7433,1009516 returned Stopped. Fetch the results.
2026-06-12 05:24:10 +0300 - [measure] - INFO - Measurement status for ping target invalid.rpki.cloudflare.com from 6974 returned Stopped. Fetch the results.
2026-06-12 05:24:10 +0300 - [measure] - INFO - Probe 1009516 with src addr 2402:3160:1ee:51::1 sent 3 packets to invalid.rpki.cloudflare.com and got 0 replies
2026-06-12 05:24:10 +0300 - [measure] - INFO - Probe 7433 with src addr 2402:3160:1ee:52::1111 sent 3 packets to invalid.rpki.cloudflare.com and got 0 replies
2026-06-12 05:24:10 +0300 - [measure] - INFO - Creating a measurement which will ping invalid.rpki.cloudflare.com from probes 1006609
2026-06-12 05:24:10 +0300 - [measure] - INFO - Probe 6974 with src addr 2406:2600:4:ff02::2 sent 3 packets to invalid.rpki.cloudflare.com and got 3 replies
2026-06-12 05:24:10 +0300 - [measure] - INFO - Creating a measurement which will ping valid.rpki.cloudflare.com from probes 7663
2026-06-12 05:24:10 +0300 - [measure] - INFO - Measurement status for ping target valid.rpki.cloudflare.com from 6370,28820 returned Stopped. Fetch the results.
2026-06-12 05:24:10 +0300 - [measure] - INFO - Measurement status for ping target valid.rpki.cloudflare.com from 13821 returned Stopped. Fetch the results.
2026-06-12 05:24:11 +0300 - [measure] - INFO - Probe 28820 with src addr 2403:bd80:c002:1321:f6f2:6dff:fe5d:c80a sent 3 packets to valid.rpki.cloudflare.com and got 3 replies
2026-06-12 05:24:11 +0300 - [measure] - INFO - Probe 6370 with src addr 2403:bd80:c001:1:103:202:216:76 sent 3 packets to valid.rpki.cloudflare.com and got 3 replies
2026-06-12 05:24:11 +0300 - [measure] - INFO - Creating a measurement which will ping invalid.rpki.cloudflare.com from probes 7663
2026-06-12 05:24:11 +0300 - [measure] - INFO - Probe 13821 with src addr 2401:98a0::157:66:181:6 sent 3 packets to valid.rpki.cloudflare.com and got 3 replies
2026-06-12 05:24:11 +0300 - [measure] - INFO - Creating a measurement which will ping valid.rpki.cloudflare.com from probes 1012863,1013732
2026-06-12 05:24:11 +0300 - [measure] - INFO - Measurement status for ping target invalid.rpki.cloudflare.com from 30306,31111 returned Stopped. Fetch the results.
2026-06-12 05:24:11 +0300 - [measure] - INFO - Measurement status for ping target valid.rpki.cloudflare.com from 30306,31111 returned Stopped. Fetch the results.
2026-06-12 05:24:11 +0300 - [measure] - INFO - Probe 30306 with src addr 2001:df0:8500:a7ff:a62b:b0ff:fee0:7be sent 3 packets to invalid.rpki.cloudflare.com and got 0 replies
2026-06-12 05:24:11 +0300 - [measure] - INFO - Probe 31111 with src addr 2001:df0:8500:2f:a62b:b0ff:fef1:63f6 sent 3 packets to invalid.rpki.cloudflare.com and got 0 replies
2026-06-12 05:24:11 +0300 - [measure] - INFO - Creating a measurement which will ping invalid.rpki.cloudflare.com from probes 1012863,1013732
2026-06-12 05:24:11 +0300 - [measure] - INFO - Measurement status for ping target valid.rpki.cloudflare.com from 1010148 returned Stopped. Fetch the results.
2026-06-12 05:24:11 +0300 - [measure] - INFO - Measurement status for ping target invalid.rpki.cloudflare.com from 1010148 returned Stopped. Fetch the results.
2026-06-12 05:24:11 +0300 - [measure] - INFO - Probe 30306 with src addr 2001:df0:8500:a7ff:a62b:b0ff:fee0:7be sent 3 packets to valid.rpki.cloudflare.com and got 3 replies
2026-06-12 05:24:11 +0300 - [measure] - INFO - Probe 31111 with src addr 2001:df0:8500:2f:a62b:b0ff:fef1:63f6 sent 3 packets to valid.rpki.cloudflare.com and got 3 replies
2026-06-12 05:24:11 +0300 - [measure] - INFO - Creating a measurement which will ping valid.rpki.cloudflare.com from probes 7039
2026-06-12 05:24:11 +0300 - [measure] - INFO - Probe 1010148 with src addr 2a02:6ea0:d32f::f534:5de4 sent 3 packets to valid.rpki.cloudflare.com and got 3 replies
2026-06-12 05:24:11 +0300 - [measure] - INFO - Creating a measurement which will ping invalid.rpki.cloudflare.com from probes 7039
2026-06-12 05:24:11 +0300 - [measure] - INFO - Probe 1010148 with src addr 2a02:6ea0:d32f::f534:5de4 sent 3 packets to invalid.rpki.cloudflare.com and got 3 replies
2026-06-12 05:24:11 +0300 - [measure] - INFO - Creating a measurement which will ping valid.rpki.cloudflare.com from probes 1015744,1015752
2026-06-12 05:24:12 +0300 - [measure] - INFO - Measurement status for ping target invalid.rpki.cloudflare.com from 1014430 returned Stopped. Fetch the results.
2026-06-12 05:24:12 +0300 - [measure] - INFO - Probe 1014430 with src addr 2602:fa4f:a30:52b9:ca88:abc5:efcf:e71 sent 3 packets to invalid.rpki.cloudflare.com and got 3 replies
2026-06-12 05:24:12 +0300 - [measure] - INFO - Creating a measurement which will ping invalid.rpki.cloudflare.com from probes 1015744,1015752
2026-06-12 05:32:07 +0300 - [measure] - INFO - Measurement status for ping target invalid.rpki.cloudflare.com from 1012863,1013732 returned Stopped. Fetch the results.
2026-06-12 05:32:07 +0300 - [measure] - INFO - Measurement status for ping target invalid.rpki.cloudflare.com from 7663 returned Stopped. Fetch the results.
2026-06-12 05:32:07 +0300 - [measure] - INFO - Probe 1012863 with src addr 2400:d320:3008:208::1 sent 3 packets to invalid.rpki.cloudflare.com and got 3 replies
2026-06-12 05:32:07 +0300 - [measure] - INFO - Probe 1013732 with src addr 2400:d320:3015:5738::1 sent 3 packets to invalid.rpki.cloudflare.com and got 3 replies
2026-06-12 05:32:07 +0300 - [measure] - INFO - Creating a measurement which will ping valid.rpki.cloudflare.com from probes 1011589
2026-06-12 05:32:07 +0300 - [measure] - INFO - Probe 7663 with src addr 2407:940:0:110::9 sent 3 packets to invalid.rpki.cloudflare.com and got 3 replies
2026-06-12 05:32:07 +0300 - [measure] - INFO - Creating a measurement which will ping invalid.rpki.cloudflare.com from probes 1011589
2026-06-12 05:32:07 +0300 - [measure] - INFO - Measurement status for ping target invalid.rpki.cloudflare.com from 7039 returned Stopped. Fetch the results.
2026-06-12 05:32:07 +0300 - [measure] - INFO - Measurement status for ping target valid.rpki.cloudflare.com from 1006609 returned Stopped. Fetch the results.
2026-06-12 05:32:07 +0300 - [measure] - INFO - Measurement status for ping target valid.rpki.cloudflare.com from 1012863,1013732 returned Stopped. Fetch the results.
2026-06-12 05:32:07 +0300 - [measure] - INFO - Probe 1006609 with src addr 240b:c010:611:cb7c::3:202 sent 3 packets to valid.rpki.cloudflare.com and got 3 replies
2026-06-12 05:32:07 +0300 - [measure] - INFO - Creating a measurement which will ping valid.rpki.cloudflare.com from probes 60869
2026-06-12 05:32:07 +0300 - [measure] - INFO - Probe 1012863 with src addr 2400:d320:3008:208::1 sent 3 packets to valid.rpki.cloudflare.com and got 3 replies
2026-06-12 05:32:07 +0300 - [measure] - INFO - Probe 1013732 with src addr 2400:d320:3015:5738::1 sent 3 packets to valid.rpki.cloudflare.com and got 3 replies
2026-06-12 05:32:07 +0300 - [measure] - INFO - Creating a measurement which will ping invalid.rpki.cloudflare.com from probes 60869
2026-06-12 05:32:07 +0300 - [measure] - INFO - Probe 7039 with src addr 2407:b9c0:1:16:5054:ff:fe67:4256 sent 3 packets to invalid.rpki.cloudflare.com and got 3 replies
2026-06-12 05:32:07 +0300 - [measure] - INFO - Creating a measurement which will ping valid.rpki.cloudflare.com from probes 1011557,1011587
2026-06-12 05:32:08 +0300 - [measure] - INFO - Measurement status for ping target invalid.rpki.cloudflare.com from 1015744,1015752 returned Stopped. Fetch the results.
2026-06-12 05:32:08 +0300 - [measure] - INFO - Measurement status for ping target valid.rpki.cloudflare.com from 1010359,1010361 returned Stopped. Fetch the results.
2026-06-12 05:32:08 +0300 - [measure] - INFO - Measurement status for ping target invalid.rpki.cloudflare.com from 1010359,1010361 returned Stopped. Fetch the results.
2026-06-12 05:32:09 +0300 - [measure] - INFO - Measurement status for ping target valid.rpki.cloudflare.com from 7039 returned Stopped. Fetch the results.
2026-06-12 05:32:09 +0300 - [measure] - INFO - Probe 1015744 with src addr 2400:5320:0:3a00:a71a:5000:14:6979 sent 3 packets to invalid.rpki.cloudflare.com and got 3 replies
2026-06-12 05:32:09 +0300 - [measure] - INFO - Probe 1015752 with src addr 2400:5320:0:2a00:a71a:5000:14:6979 sent 3 packets to invalid.rpki.cloudflare.com and got 3 replies
2026-06-12 05:32:09 +0300 - [measure] - INFO - Creating a measurement which will ping invalid.rpki.cloudflare.com from probes 1011557,1011587
2026-06-12 05:32:09 +0300 - [measure] - INFO - Measurement status for ping target invalid.rpki.cloudflare.com from 65595 returned Stopped. Fetch the results.
2026-06-12 05:32:09 +0300 - [measure] - INFO - Probe 1010359 with src addr 2407:9900::1 sent 3 packets to invalid.rpki.cloudflare.com and got 3 replies
2026-06-12 05:32:09 +0300 - [measure] - INFO - Probe 1010361 with src addr 2407:9900:2000::1 sent 3 packets to invalid.rpki.cloudflare.com and got 3 replies
2026-06-12 05:32:09 +0300 - [measure] - INFO - Creating a measurement which will ping valid.rpki.cloudflare.com from probes 1013167
2026-06-12 05:32:09 +0300 - [measure] - INFO - Probe 7039 with src addr 2407:b9c0:1:16:5054:ff:fe67:4256 sent 3 packets to valid.rpki.cloudflare.com and got 3 replies
2026-06-12 05:32:09 +0300 - [measure] - INFO - Creating a measurement which will ping invalid.rpki.cloudflare.com from probes 1013167
2026-06-12 05:32:09 +0300 - [measure] - INFO - Measurement status for ping target valid.rpki.cloudflare.com from 1015699 returned Stopped. Fetch the results.
2026-06-12 05:32:09 +0300 - [measure] - INFO - Probe 1010359 with src addr 2407:9900::1 sent 3 packets to valid.rpki.cloudflare.com and got 3 replies
2026-06-12 05:32:09 +0300 - [measure] - INFO - Probe 1010361 with src addr 2407:9900:2000::1 sent 3 packets to valid.rpki.cloudflare.com and got 3 replies
2026-06-12 05:32:09 +0300 - [measure] - INFO - Creating a measurement which will ping valid.rpki.cloudflare.com from probes 6631
2026-06-12 05:32:09 +0300 - [measure] - INFO - Probe 65595 with src addr 2401:4d47:4620:900:da58:d7ff:fe03:1029 sent 3 packets to invalid.rpki.cloudflare.com and got 3 replies
2026-06-12 05:32:09 +0300 - [measure] - INFO - Creating a measurement which will ping invalid.rpki.cloudflare.com from probes 6631
2026-06-12 05:32:09 +0300 - [measure] - INFO - Measurement status for ping target invalid.rpki.cloudflare.com from 1015699 returned Stopped. Fetch the results.
2026-06-12 05:32:09 +0300 - [measure] - INFO - Probe 1015699 with src addr 2404:ff80:1001::2 sent 3 packets to valid.rpki.cloudflare.com and got 3 replies
2026-06-12 05:32:09 +0300 - [measure] - INFO - Creating a measurement which will ping valid.rpki.cloudflare.com from probes 1001323
2026-06-12 05:32:09 +0300 - [measure] - INFO - Probe 1015699 with src addr 2404:ff80:1001::2 sent 3 packets to invalid.rpki.cloudflare.com and got 3 replies
2026-06-12 05:32:09 +0300 - [measure] - INFO - Creating a measurement which will ping invalid.rpki.cloudflare.com from probes 1001323
2026-06-12 05:32:09 +0300 - [measure] - INFO - Measurement status for ping target valid.rpki.cloudflare.com from 1015744,1015752 returned Stopped. Fetch the results.
2026-06-12 05:32:09 +0300 - [measure] - INFO - Probe 1015744 with src addr 2400:5320:0:3a00:a71a:5000:14:6979 sent 3 packets to valid.rpki.cloudflare.com and got 3 replies
2026-06-12 05:32:09 +0300 - [measure] - INFO - Probe 1015752 with src addr 2400:5320:0:2a00:a71a:5000:14:6979 sent 3 packets to valid.rpki.cloudflare.com and got 3 replies
2026-06-12 05:32:09 +0300 - [measure] - INFO - Creating a measurement which will ping valid.rpki.cloudflare.com from probes 1011110
2026-06-12 05:32:09 +0300 - [measure] - INFO - Measurement status for ping target valid.rpki.cloudflare.com from 65595 returned Stopped. Fetch the results.
2026-06-12 05:32:10 +0300 - [measure] - INFO - Probe 65595 with src addr 2401:4d47:4620:900:da58:d7ff:fe03:1029 sent 3 packets to valid.rpki.cloudflare.com and got 3 replies
2026-06-12 05:32:10 +0300 - [measure] - INFO - Creating a measurement which will ping invalid.rpki.cloudflare.com from probes 1011110
2026-06-12 05:32:10 +0300 - [measure] - INFO - Measurement status for ping target valid.rpki.cloudflare.com from 1003895,1005590,1010887,1014409,1014410,1014411,1014412 returned Stopped. Fetch the results.
2026-06-12 05:32:10 +0300 - [measure] - INFO - Measurement status for ping target invalid.rpki.cloudflare.com from 1002023,1011387 returned Stopped. Fetch the results.
2026-06-12 05:32:10 +0300 - [measure] - INFO - Probe 1003895 with src addr 2400:8902::f03c:93ff:fe91:b110 sent 3 packets to valid.rpki.cloudflare.com and got 3 replies
2026-06-12 05:32:10 +0300 - [measure] - INFO - Probe 1005590 with src addr 2400:8902::f03c:93ff:fe59:d286 sent 3 packets to valid.rpki.cloudflare.com and got 3 replies
2026-06-12 05:32:10 +0300 - [measure] - INFO - Probe 1010887 with src addr 2400:8902::f03c:93ff:fe35:3341 sent 3 packets to valid.rpki.cloudflare.com and got 3 replies
2026-06-12 05:32:10 +0300 - [measure] - INFO - Probe 1014409 with src addr 2600:3c18::2000:6cff:fefc:1e43 sent 3 packets to valid.rpki.cloudflare.com and got 3 replies
2026-06-12 05:32:10 +0300 - [measure] - INFO - Probe 1014410 with src addr 2600:3c18::f03c:95ff:fe69:2073 sent 3 packets to valid.rpki.cloudflare.com and got 3 replies
2026-06-12 05:32:10 +0300 - [measure] - INFO - Probe 1014411 with src addr 2400:8905::f03c:95ff:fe16:ae6f sent 3 packets to valid.rpki.cloudflare.com and got 3 replies
2026-06-12 05:32:10 +0300 - [measure] - INFO - Probe 1014412 with src addr 2600:3c18::2000:ddff:fe01:6e8b sent 3 packets to valid.rpki.cloudflare.com and got 3 replies
2026-06-12 05:32:10 +0300 - [measure] - INFO - Creating a measurement which will ping v6.valid.rov-check.nic.ad.jp from probes 3739,3772,50106
2026-06-12 05:32:10 +0300 - [measure] - INFO - Probe 1002023 with src addr 2001:df3:2680:a001::23 sent 3 packets to invalid.rpki.cloudflare.com and got 3 replies
2026-06-12 05:32:10 +0300 - [measure] - INFO - Probe 1011387 with src addr 2401:d560:0:105:1c00:2ff:fe00:20a sent 3 packets to invalid.rpki.cloudflare.com and got 3 replies
2026-06-12 05:32:10 +0300 - [measure] - INFO - Creating a measurement which will ping v6.invalid.rov-check.nic.ad.jp from probes 3739,3772,50106
2026-06-12 05:32:11 +0300 - [measure] - INFO - Measurement status for ping target valid.rpki.cloudflare.com from 1002023,1011387 returned Stopped. Fetch the results.
2026-06-12 05:32:11 +0300 - [measure] - INFO - Probe 1002023 with src addr 2001:df3:2680:a001::23 sent 3 packets to valid.rpki.cloudflare.com and got 3 replies
2026-06-12 05:32:11 +0300 - [measure] - INFO - Probe 1011387 with src addr 2401:d560:0:105:1c00:2ff:fe00:20a sent 3 packets to valid.rpki.cloudflare.com and got 3 replies
2026-06-12 05:32:11 +0300 - [measure] - INFO - Creating a measurement which will ping v6.valid.rov-check.nic.ad.jp from probes 53502,61391,1004219,1004354,1004402,1014959
2026-06-12 05:32:11 +0300 - [measure] - INFO - Measurement status for ping target valid.rpki.cloudflare.com from 7663 returned Stopped. Fetch the results.
2026-06-12 05:32:11 +0300 - [measure] - INFO - Measurement status for ping target invalid.rpki.cloudflare.com from 1006609 returned Stopped. Fetch the results.
2026-06-12 05:32:11 +0300 - [measure] - INFO - Measurement status for ping target invalid.rpki.cloudflare.com from 1003895,1005590,1010887,1014409,1014410,1014411,1014412 returned Stopped. Fetch the results.
2026-06-12 05:32:11 +0300 - [measure] - INFO - Probe 7663 with src addr 2407:940:0:110::9 sent 3 packets to valid.rpki.cloudflare.com and got 3 replies
2026-06-12 05:32:11 +0300 - [measure] - INFO - Creating a measurement which will ping v6.invalid.rov-check.nic.ad.jp from probes 53502,61391,1004219,1004354,1004402,1014959
2026-06-12 05:32:11 +0300 - [measure] - INFO - Probe 1003895 with src addr 2400:8902::f03c:93ff:fe91:b110 sent 3 packets to invalid.rpki.cloudflare.com and got 3 replies
2026-06-12 05:32:11 +0300 - [measure] - INFO - Probe 1005590 with src addr 2400:8902::f03c:93ff:fe59:d286 sent 3 packets to invalid.rpki.cloudflare.com and got 3 replies
2026-06-12 05:32:11 +0300 - [measure] - INFO - Probe 1010887 with src addr 2400:8902::f03c:93ff:fe35:3341 sent 3 packets to invalid.rpki.cloudflare.com and got 3 replies
2026-06-12 05:32:11 +0300 - [measure] - INFO - Probe 1014409 with src addr 2600:3c18::2000:6cff:fefc:1e43 sent 3 packets to invalid.rpki.cloudflare.com and got 3 replies
2026-06-12 05:32:11 +0300 - [measure] - INFO - Probe 1014410 with src addr 2600:3c18::f03c:95ff:fe69:2073 sent 3 packets to invalid.rpki.cloudflare.com and got 3 replies
2026-06-12 05:32:11 +0300 - [measure] - INFO - Probe 1014411 with src addr 2400:8905::f03c:95ff:fe16:ae6f sent 3 packets to invalid.rpki.cloudflare.com and got 3 replies
2026-06-12 05:32:11 +0300 - [measure] - INFO - Probe 1014412 with src addr 2600:3c18::2000:ddff:fe01:6e8b sent 3 packets to invalid.rpki.cloudflare.com and got 3 replies
2026-06-12 05:32:11 +0300 - [measure] - INFO - Creating a measurement which will ping v6.valid.rov-check.nic.ad.jp from probes 14843,55479
2026-06-12 05:32:11 +0300 - [measure] - INFO - Probe 1006609 with src addr 240b:c010:611:cb7c::3:202 sent 3 packets to invalid.rpki.cloudflare.com and got 3 replies
2026-06-12 05:32:11 +0300 - [measure] - INFO - Creating a measurement which will ping v6.invalid.rov-check.nic.ad.jp from probes 14843,55479
2026-06-12 05:40:06 +0300 - [measure] - INFO - Measurement status for ping target invalid.rpki.cloudflare.com from 1001323 returned Stopped. Fetch the results.
2026-06-12 05:40:06 +0300 - [measure] - INFO - Measurement status for ping target v6.valid.rov-check.nic.ad.jp from 3739,3772,50106 returned Stopped. Fetch the results.
2026-06-12 05:40:06 +0300 - [measure] - INFO - Measurement status for ping target invalid.rpki.cloudflare.com from 6631 returned Stopped. Fetch the results.
2026-06-12 05:40:06 +0300 - [measure] - INFO - Measurement status for ping target invalid.rpki.cloudflare.com from 1013167 returned Stopped. Fetch the results.
2026-06-12 05:40:06 +0300 - [measure] - INFO - Probe 1001323 with src addr 2602:feda:c50::2 sent 3 packets to invalid.rpki.cloudflare.com and got 0 replies
2026-06-12 05:40:06 +0300 - [measure] - INFO - Creating a measurement which will ping v6.valid.rov-check.nic.ad.jp from probes 7564
2026-06-12 05:40:06 +0300 - [measure] - INFO - Probe 3739 with src addr 2001:200:0:9401:280:a3ff:fe91:406c sent 3 packets to v6.valid.rov-check.nic.ad.jp and got 3 replies
2026-06-12 05:40:06 +0300 - [measure] - INFO - Probe 50106 with src addr 2001:200:0:6820:203:178:135:142 sent 3 packets to v6.valid.rov-check.nic.ad.jp and got 3 replies
2026-06-12 05:40:06 +0300 - [measure] - INFO - Creating a measurement which will ping v6.invalid.rov-check.nic.ad.jp from probes 7564
2026-06-12 05:40:06 +0300 - [measure] - INFO - Probe 6631 with src addr 2a03:90c0:114::6e sent 3 packets to invalid.rpki.cloudflare.com and got 0 replies
2026-06-12 05:40:06 +0300 - [measure] - INFO - Creating a measurement which will ping v6.valid.rov-check.nic.ad.jp from probes 50079,55091,1004731
2026-06-12 05:40:06 +0300 - [measure] - INFO - Probe 1013167 with src addr 2402:2f60:500:beef:be24:11ff:fec4:c2cb sent 3 packets to invalid.rpki.cloudflare.com and got 3 replies
2026-06-12 05:40:06 +0300 - [measure] - INFO - Creating a measurement which will ping v6.invalid.rov-check.nic.ad.jp from probes 50079,55091,1004731
2026-06-12 05:40:06 +0300 - [measure] - INFO - Measurement status for ping target v6.valid.rov-check.nic.ad.jp from 53502,61391,1004219,1004354,1004402,1014959 returned Stopped. Fetch the results.
2026-06-12 05:40:07 +0300 - [measure] - INFO - Measurement status for ping target valid.rpki.cloudflare.com from 1001323 returned Stopped. Fetch the results.
2026-06-12 05:40:07 +0300 - [measure] - INFO - Measurement status for ping target valid.rpki.cloudflare.com from 1011110 returned Stopped. Fetch the results.
2026-06-12 05:40:07 +0300 - [measure] - INFO - Probe 1001323 with src addr 2602:feda:c50::2 sent 3 packets to valid.rpki.cloudflare.com and got 3 replies
2026-06-12 05:40:07 +0300 - [measure] - INFO - Creating a measurement which will ping v6.valid.rov-check.nic.ad.jp from probes 60306
2026-06-12 05:40:07 +0300 - [measure] - INFO - Probe 1011110 with src addr 2a0b:4e07:310:ffcd::133 sent 3 packets to valid.rpki.cloudflare.com and got 3 replies
2026-06-12 05:40:07 +0300 - [measure] - INFO - Creating a measurement which will ping v6.invalid.rov-check.nic.ad.jp from probes 60306
2026-06-12 05:40:07 +0300 - [measure] - INFO - Measurement status for ping target invalid.rpki.cloudflare.com from 1011110 returned Stopped. Fetch the results.
2026-06-12 05:40:07 +0300 - [measure] - INFO - Measurement status for ping target v6.invalid.rov-check.nic.ad.jp from 14843,55479 returned Stopped. Fetch the results.
2026-06-12 05:40:07 +0300 - [measure] - INFO - Probe 1011110 with src addr 2a0b:4e07:310:ffcd::133 sent 3 packets to invalid.rpki.cloudflare.com and got 0 replies
2026-06-12 05:40:07 +0300 - [measure] - INFO - Creating a measurement which will ping v6.valid.rov-check.nic.ad.jp from probes 60865,1006070,1007320,1007581,1013796
2026-06-12 05:40:07 +0300 - [measure] - INFO - Probe 1004219 with src addr 2001:f71:3ec1:7000:aab8:e0ff:fe07:8619 sent 3 packets to v6.valid.rov-check.nic.ad.jp and got 3 replies
2026-06-12 05:40:07 +0300 - [measure] - INFO - Probe 1004354 with src addr 2001:f70:ef80:6800:24b0:7fff:fef2:c03e sent 3 packets to v6.valid.rov-check.nic.ad.jp and got 3 replies
2026-06-12 05:40:07 +0300 - [measure] - INFO - Probe 1004402 with src addr 2001:f72:d300:2600:1266:6aff:fe24:b0ff sent 3 packets to v6.valid.rov-check.nic.ad.jp and got 3 replies
2026-06-12 05:40:07 +0300 - [measure] - INFO - Probe 1014959 with src addr 2001:f76:1c60:3702:10:2:0:1 sent 3 packets to v6.valid.rov-check.nic.ad.jp and got 3 replies
2026-06-12 05:40:07 +0300 - [measure] - INFO - Probe 53502 with src addr 2001:f76:2440:1b00:1:e7ff:fe4f:4a66 sent 3 packets to v6.valid.rov-check.nic.ad.jp and got 3 replies
2026-06-12 05:40:07 +0300 - [measure] - INFO - Probe 61391 with src addr 2001:f71:ba0:1000:da58:d7ff:fe03:6e5 sent 3 packets to v6.valid.rov-check.nic.ad.jp and got 3 replies
2026-06-12 05:40:07 +0300 - [measure] - INFO - Creating a measurement which will ping v6.invalid.rov-check.nic.ad.jp from probes 60865,1006070,1007320,1007581,1013796
2026-06-12 05:40:07 +0300 - [measure] - INFO - Measurement status for ping target valid.rpki.cloudflare.com from 1011589 returned Stopped. Fetch the results.
2026-06-12 05:40:07 +0300 - [measure] - INFO - Probe 14843 with src addr 2001:2c0:ce03:c606:6666:b3ff:feb0:ec9e sent 3 packets to v6.invalid.rov-check.nic.ad.jp and got 3 replies
2026-06-12 05:40:07 +0300 - [measure] - INFO - Probe 55479 with src addr 2001:2c0:cc0a:1e00:1:1aff:fe0c:baab sent 3 packets to v6.invalid.rov-check.nic.ad.jp and got 3 replies
2026-06-12 05:40:07 +0300 - [measure] - INFO - Creating a measurement which will ping v6.valid.rov-check.nic.ad.jp from probes 14393,20374,22388,27025,27692,29080,34513,50499,51329,52030,53906,54316,54893,1007464,1013597,1014032,1015826,1015881
2026-06-12 05:40:07 +0300 - [measure] - INFO - Measurement status for ping target v6.invalid.rov-check.nic.ad.jp from 53502,61391,1004219,1004354,1004402,1014959 returned Stopped. Fetch the results.
2026-06-12 05:40:07 +0300 - [measure] - INFO - Probe 1011589 with src addr 2a0a:6040:977b:a::a18c:4fb3 sent 3 packets to valid.rpki.cloudflare.com and got 3 replies
2026-06-12 05:40:07 +0300 - [measure] - INFO - Creating a measurement which will ping v6.invalid.rov-check.nic.ad.jp from probes 14393,20374,22388,27025,27692,29080,34513,50499,51329,52030,53906,54316,54893,1007464,1013597,1014032,1015826,1015881
2026-06-12 05:40:08 +0300 - [measure] - INFO - Probe 1004219 with src addr 2001:f71:3ec1:7000:aab8:e0ff:fe07:8619 sent 3 packets to v6.invalid.rov-check.nic.ad.jp and got 3 replies
2026-06-12 05:40:08 +0300 - [measure] - INFO - Probe 1004354 with src addr 2001:f70:ef80:6800:24b0:7fff:fef2:c03e sent 3 packets to v6.invalid.rov-check.nic.ad.jp and got 3 replies
2026-06-12 05:40:08 +0300 - [measure] - INFO - Probe 1004402 with src addr 2001:f72:d300:2600:1266:6aff:fe24:b0ff sent 3 packets to v6.invalid.rov-check.nic.ad.jp and got 3 replies
2026-06-12 05:40:08 +0300 - [measure] - INFO - Probe 1014959 with src addr 2001:f76:1c60:3702:10:2:0:1 sent 3 packets to v6.invalid.rov-check.nic.ad.jp and got 3 replies
2026-06-12 05:40:08 +0300 - [measure] - INFO - Probe 53502 with src addr 2001:f76:2440:1b00:1:e7ff:fe4f:4a66 sent 3 packets to v6.invalid.rov-check.nic.ad.jp and got 3 replies
2026-06-12 05:40:08 +0300 - [measure] - INFO - Probe 61391 with src addr 2001:f71:ba0:1000:da58:d7ff:fe03:6e5 sent 3 packets to v6.invalid.rov-check.nic.ad.jp and got 3 replies
2026-06-12 05:40:08 +0300 - [measure] - INFO - Creating a measurement which will ping v6.valid.rov-check.nic.ad.jp from probes 3491,6425,25759
2026-06-12 05:40:08 +0300 - [measure] - INFO - Measurement status for ping target invalid.rpki.cloudflare.com from 60869 returned Stopped. Fetch the results.
2026-06-12 05:40:08 +0300 - [measure] - INFO - Measurement status for ping target v6.invalid.rov-check.nic.ad.jp from 3739,3772,50106 returned Stopped. Fetch the results.
2026-06-12 05:40:08 +0300 - [measure] - INFO - Measurement status for ping target valid.rpki.cloudflare.com from 1013167 returned Stopped. Fetch the results.
2026-06-12 05:40:08 +0300 - [measure] - INFO - Probe 60869 with src addr 2406:7ec0:1000:babe:da58:d7ff:fe03:568 sent 3 packets to invalid.rpki.cloudflare.com and got 0 replies
2026-06-12 05:40:08 +0300 - [measure] - INFO - Creating a measurement which will ping v6.invalid.rov-check.nic.ad.jp from probes 3491,6425,25759
2026-06-12 05:40:08 +0300 - [measure] - INFO - Probe 3739 with src addr 2001:200:0:9401:280:a3ff:fe91:406c sent 3 packets to v6.invalid.rov-check.nic.ad.jp and got 3 replies
2026-06-12 05:40:08 +0300 - [measure] - INFO - Probe 50106 with src addr 2001:200:0:6820:203:178:135:142 sent 3 packets to v6.invalid.rov-check.nic.ad.jp and got 3 replies
2026-06-12 05:40:08 +0300 - [measure] - INFO - Creating a measurement which will ping v6.valid.rov-check.nic.ad.jp from probes 1009353,1013257,1013709,1013710,1014094,1014218,1015919
2026-06-12 05:40:08 +0300 - [measure] - INFO - Measurement status for ping target v6.valid.rov-check.nic.ad.jp from 14843,55479 returned Stopped. Fetch the results.
2026-06-12 05:40:08 +0300 - [measure] - INFO - Probe 1013167 with src addr 2402:2f60:500:beef:be24:11ff:fec4:c2cb sent 3 packets to valid.rpki.cloudflare.com and got 3 replies
2026-06-12 05:40:08 +0300 - [measure] - INFO - Creating a measurement which will ping v6.invalid.rov-check.nic.ad.jp from probes 1009353,1013257,1013709,1013710,1014094,1014218,1015919
2026-06-12 05:40:08 +0300 - [measure] - INFO - Measurement status for ping target valid.rpki.cloudflare.com from 60869 returned Stopped. Fetch the results.
2026-06-12 05:40:08 +0300 - [measure] - INFO - Probe 14843 with src addr 2001:2c0:ce03:c606:6666:b3ff:feb0:ec9e sent 3 packets to v6.valid.rov-check.nic.ad.jp and got 3 replies
2026-06-12 05:40:08 +0300 - [measure] - INFO - Probe 55479 with src addr 2001:2c0:cc0a:1e00:1:1aff:fe0c:baab sent 3 packets to v6.valid.rov-check.nic.ad.jp and got 3 replies
2026-06-12 05:40:08 +0300 - [measure] - INFO - Creating a measurement which will ping v6.valid.rov-check.nic.ad.jp from probes 1000167,1013217
2026-06-12 05:40:09 +0300 - [measure] - INFO - Probe 60869 with src addr 2406:7ec0:1000:babe:da58:d7ff:fe03:568 sent 3 packets to valid.rpki.cloudflare.com and got 3 replies
2026-06-12 05:40:09 +0300 - [measure] - INFO - Creating a measurement which will ping v6.invalid.rov-check.nic.ad.jp from probes 1000167,1013217
2026-06-12 05:40:09 +0300 - [measure] - INFO - Measurement status for ping target invalid.rpki.cloudflare.com from 1011589 returned Stopped. Fetch the results.
2026-06-12 05:40:09 +0300 - [measure] - INFO - Measurement status for ping target invalid.rpki.cloudflare.com from 1011557,1011587 returned Stopped. Fetch the results.
2026-06-12 05:40:09 +0300 - [measure] - INFO - Probe 1011589 with src addr 2a0a:6040:977b:a::a18c:4fb3 sent 3 packets to invalid.rpki.cloudflare.com and got 0 replies
2026-06-12 05:40:09 +0300 - [measure] - INFO - Creating a measurement which will ping v6.valid.rov-check.nic.ad.jp from probes 1008159
2026-06-12 05:40:10 +0300 - [measure] - INFO - Probe 1011557 with src addr 2401:3fa0:11b::7 sent 3 packets to invalid.rpki.cloudflare.com and got 3 replies
2026-06-12 05:40:10 +0300 - [measure] - INFO - Probe 1011587 with src addr 2401:3fa0:111:cafe::7 sent 3 packets to invalid.rpki.cloudflare.com and got 3 replies
2026-06-12 05:40:10 +0300 - [measure] - INFO - Creating a measurement which will ping v6.invalid.rov-check.nic.ad.jp from probes 1008159
2026-06-12 05:40:10 +0300 - [measure] - INFO - Measurement status for ping target valid.rpki.cloudflare.com from 1011557,1011587 returned Stopped. Fetch the results.
2026-06-12 05:40:10 +0300 - [measure] - INFO - Probe 1011557 with src addr 2401:3fa0:11b::7 sent 3 packets to valid.rpki.cloudflare.com and got 3 replies
2026-06-12 05:40:10 +0300 - [measure] - INFO - Probe 1011587 with src addr 2401:3fa0:111:cafe::7 sent 3 packets to valid.rpki.cloudflare.com and got 3 replies
2026-06-12 05:40:10 +0300 - [measure] - INFO - Creating a measurement which will ping v6.valid.rov-check.nic.ad.jp from probes 34380
2026-06-12 05:40:10 +0300 - [measure] - INFO - Measurement status for ping target valid.rpki.cloudflare.com from 6631 returned Stopped. Fetch the results.
2026-06-12 05:40:11 +0300 - [measure] - INFO - Probe 6631 with src addr 2a03:90c0:114::6e sent 3 packets to valid.rpki.cloudflare.com and got 3 replies
2026-06-12 05:40:11 +0300 - [measure] - INFO - Creating a measurement which will ping v6.invalid.rov-check.nic.ad.jp from probes 34380
2026-06-12 05:48:06 +0300 - [measure] - INFO - Measurement status for ping target v6.valid.rov-check.nic.ad.jp from 1008159 returned Stopped. Fetch the results.
2026-06-12 05:48:06 +0300 - [measure] - INFO - Measurement status for ping target v6.invalid.rov-check.nic.ad.jp from 1000167,1013217 returned Stopped. Fetch the results.
2026-06-12 05:48:06 +0300 - [measure] - INFO - Probe 1008159 with src addr 2400:ddc0:c001::219 sent 3 packets to v6.valid.rov-check.nic.ad.jp and got 3 replies
2026-06-12 05:48:06 +0300 - [measure] - INFO - Creating a measurement which will ping v6.valid.rov-check.nic.ad.jp from probes 61645,1006012,1013000
2026-06-12 05:48:06 +0300 - [measure] - INFO - Probe 1000167 with src addr 2400:8500:1301:736:133:130:99:208 sent 3 packets to v6.invalid.rov-check.nic.ad.jp and got 3 replies
2026-06-12 05:48:06 +0300 - [measure] - INFO - Probe 1013217 with src addr 2400:8500:1801:484:163:44:180:251 sent 3 packets to v6.invalid.rov-check.nic.ad.jp and got 3 replies
2026-06-12 05:48:06 +0300 - [measure] - INFO - Creating a measurement which will ping v6.invalid.rov-check.nic.ad.jp from probes 61645,1006012,1013000
2026-06-12 05:48:07 +0300 - [measure] - INFO - Measurement status for ping target v6.invalid.rov-check.nic.ad.jp from 1008159 returned Stopped. Fetch the results.
2026-06-12 05:48:07 +0300 - [measure] - INFO - Measurement status for ping target v6.valid.rov-check.nic.ad.jp from 50079,55091,1004731 returned Stopped. Fetch the results.
2026-06-12 05:48:07 +0300 - [measure] - INFO - Probe 1008159 with src addr 2400:ddc0:c001::219 sent 3 packets to v6.invalid.rov-check.nic.ad.jp and got 3 replies
2026-06-12 05:48:07 +0300 - [measure] - INFO - Creating a measurement which will ping v6.valid.rov-check.nic.ad.jp from probes 29043,50366,50501,52844,62326,1008545,1009771,1011490,1015148,1015709
2026-06-12 05:48:07 +0300 - [measure] - INFO - Probe 1004731 with src addr 240d:1a:51a:5a00:c344:bf48:9d5d:83eb sent 3 packets to v6.valid.rov-check.nic.ad.jp and got 3 replies
2026-06-12 05:48:07 +0300 - [measure] - INFO - Probe 50079 with src addr dd0e:da48:23b5:0:1:4ff:fe39:aa05 sent 3 packets to v6.valid.rov-check.nic.ad.jp and got 3 replies
2026-06-12 05:48:07 +0300 - [measure] - INFO - Probe 55091 with src addr 240d:1a:39:5800:1:75ff:fe9d:5ad sent 3 packets to v6.valid.rov-check.nic.ad.jp and got 3 replies
2026-06-12 05:48:07 +0300 - [measure] - INFO - Creating a measurement which will ping v6.invalid.rov-check.nic.ad.jp from probes 29043,50366,50501,52844,62326,1008545,1009771,1011490,1015148,1015709
2026-06-12 05:48:07 +0300 - [measure] - INFO - Measurement status for ping target v6.valid.rov-check.nic.ad.jp from 60306 returned Stopped. Fetch the results.
2026-06-12 05:48:07 +0300 - [measure] - INFO - Probe 60306 with src addr 2001:2f8:1c:a504:da58:d7ff:fe03:1aa sent 3 packets to v6.valid.rov-check.nic.ad.jp and got 3 replies
2026-06-12 05:48:07 +0300 - [measure] - INFO - Creating a measurement which will ping v6.valid.rov-check.nic.ad.jp from probes 15691,27284,52625,53163,60782,1003967,1008224,1011869
2026-06-12 05:48:08 +0300 - [measure] - INFO - Measurement status for ping target v6.invalid.rov-check.nic.ad.jp from 34380 returned Stopped. Fetch the results.
2026-06-12 05:48:08 +0300 - [measure] - INFO - Measurement status for ping target v6.invalid.rov-check.nic.ad.jp from 60865,1006070,1007320,1007581,1013796 returned Stopped. Fetch the results.
2026-06-12 05:48:08 +0300 - [measure] - INFO - Probe 34380 with src addr 2001:348:4213:2501:c225:e9ff:fea8:72c6 sent 3 packets to v6.invalid.rov-check.nic.ad.jp and got 3 replies
2026-06-12 05:48:08 +0300 - [measure] - INFO - Creating a measurement which will ping v6.invalid.rov-check.nic.ad.jp from probes 15691,27284,52625,53163,60782,1003967,1008224,1011869
2026-06-12 05:48:08 +0300 - [measure] - INFO - Measurement status for ping target v6.valid.rov-check.nic.ad.jp from 7564 returned Stopped. Fetch the results.
2026-06-12 05:48:08 +0300 - [measure] - INFO - Measurement status for ping target v6.valid.rov-check.nic.ad.jp from 34380 returned Stopped. Fetch the results.
2026-06-12 05:48:08 +0300 - [measure] - INFO - Probe 1006070 with src addr 2404:7a87:51a1:900:6e4b:90ff:fe7d:b2cc sent 3 packets to v6.invalid.rov-check.nic.ad.jp and got 3 replies
2026-06-12 05:48:08 +0300 - [measure] - INFO - Probe 1007581 with src addr 2404:7a87:89e0:5610::132 sent 3 packets to v6.invalid.rov-check.nic.ad.jp and got 3 replies
2026-06-12 05:48:08 +0300 - [measure] - INFO - Probe 60865 with src addr 2404:7a83:d968:1100:da58:d7ff:fe03:76d sent 3 packets to v6.invalid.rov-check.nic.ad.jp and got 3 replies
2026-06-12 05:48:08 +0300 - [measure] - INFO - Creating a measurement which will ping v6.valid.rov-check.nic.ad.jp from probes 1011295
2026-06-12 05:48:08 +0300 - [measure] - INFO - Measurement status for ping target v6.valid.rov-check.nic.ad.jp from 60865,1006070,1007320,1007581,1013796 returned Stopped. Fetch the results.
2026-06-12 05:48:08 +0300 - [measure] - INFO - Probe 7564 with src addr 2407:e0c0:101:2000::4 sent 3 packets to v6.valid.rov-check.nic.ad.jp and got 3 replies
2026-06-12 05:48:08 +0300 - [measure] - INFO - Creating a measurement which will ping v6.invalid.rov-check.nic.ad.jp from probes 1011295
2026-06-12 05:48:08 +0300 - [measure] - INFO - Measurement status for ping target v6.invalid.rov-check.nic.ad.jp from 7564 returned Stopped. Fetch the results.
2026-06-12 05:48:08 +0300 - [measure] - INFO - Probe 34380 with src addr 2001:348:4213:2501:c225:e9ff:fea8:72c6 sent 3 packets to v6.valid.rov-check.nic.ad.jp and got 3 replies
2026-06-12 05:48:08 +0300 - [measure] - INFO - Creating a measurement which will ping v6.valid.rov-check.nic.ad.jp from probes 7080
2026-06-12 05:48:08 +0300 - [measure] - INFO - Probe 1006070 with src addr 2404:7a87:51a1:900:6e4b:90ff:fe7d:b2cc sent 3 packets to v6.valid.rov-check.nic.ad.jp and got 3 replies
2026-06-12 05:48:08 +0300 - [measure] - INFO - Probe 1007581 with src addr 2404:7a87:89e0:5610::132 sent 3 packets to v6.valid.rov-check.nic.ad.jp and got 3 replies
2026-06-12 05:48:08 +0300 - [measure] - INFO - Probe 60865 with src addr 2404:7a83:d968:1100:da58:d7ff:fe03:76d sent 3 packets to v6.valid.rov-check.nic.ad.jp and got 3 replies
2026-06-12 05:48:08 +0300 - [measure] - INFO - Creating a measurement which will ping v6.invalid.rov-check.nic.ad.jp from probes 7080
2026-06-12 05:48:08 +0300 - [measure] - INFO - Probe 7564 with src addr 2407:e0c0:101:2000::4 sent 3 packets to v6.invalid.rov-check.nic.ad.jp and got 3 replies
2026-06-12 05:48:08 +0300 - [measure] - INFO - Creating a measurement which will ping v6.valid.rov-check.nic.ad.jp from probes 65361
2026-06-12 05:48:09 +0300 - [measure] - INFO - Measurement status for ping target v6.invalid.rov-check.nic.ad.jp from 50079,55091,1004731 returned Stopped. Fetch the results.
2026-06-12 05:48:09 +0300 - [measure] - INFO - Measurement status for ping target v6.valid.rov-check.nic.ad.jp from 1009353,1013257,1013709,1013710,1014094,1014218,1015919 returned Stopped. Fetch the results.
2026-06-12 05:48:09 +0300 - [measure] - INFO - Measurement status for ping target v6.valid.rov-check.nic.ad.jp from 14393,20374,22388,27025,27692,29080,34513,50499,51329,52030,53906,54316,54893,1007464,1013597,1014032,1015826,1015881 returned Stopped. Fetch the results.
2026-06-12 05:48:09 +0300 - [measure] - INFO - Probe 1004731 with src addr 240d:1a:51a:5a00:c344:bf48:9d5d:83eb sent 3 packets to v6.invalid.rov-check.nic.ad.jp and got 3 replies
2026-06-12 05:48:09 +0300 - [measure] - INFO - Probe 50079 with src addr dd0e:da48:23b5:0:1:4ff:fe39:aa05 sent 3 packets to v6.invalid.rov-check.nic.ad.jp and got 3 replies
2026-06-12 05:48:09 +0300 - [measure] - INFO - Probe 55091 with src addr 240d:1a:39:5800:1:75ff:fe9d:5ad sent 3 packets to v6.invalid.rov-check.nic.ad.jp and got 3 replies
2026-06-12 05:48:09 +0300 - [measure] - INFO - Creating a measurement which will ping v6.invalid.rov-check.nic.ad.jp from probes 65361
2026-06-12 05:48:09 +0300 - [measure] - INFO - Measurement status for ping target v6.valid.rov-check.nic.ad.jp from 1000167,1013217 returned Stopped. Fetch the results.
2026-06-12 05:48:09 +0300 - [measure] - INFO - Probe 1009353 with src addr 2a12:a305::15 sent 3 packets to v6.valid.rov-check.nic.ad.jp and got 3 replies
2026-06-12 05:48:09 +0300 - [measure] - INFO - Probe 1013257 with src addr 2403:71c0:2000:11f5::a sent 3 packets to v6.valid.rov-check.nic.ad.jp and got 3 replies
2026-06-12 05:48:09 +0300 - [measure] - INFO - Probe 1013709 with src addr 2403:71c0:2000:1159::44 sent 3 packets to v6.valid.rov-check.nic.ad.jp and got 3 replies
2026-06-12 05:48:09 +0300 - [measure] - INFO - Probe 1013710 with src addr 2a12:a304:4:15d::35 sent 3 packets to v6.valid.rov-check.nic.ad.jp and got 3 replies
2026-06-12 05:48:09 +0300 - [measure] - INFO - Creating a measurement which will ping v6.valid.rov-check.nic.ad.jp from probes 51221
2026-06-12 05:48:09 +0300 - [measure] - INFO - Measurement status for ping target v6.valid.rov-check.nic.ad.jp from 3491,6425,25759 returned Stopped. Fetch the results.
2026-06-12 05:48:09 +0300 - [measure] - INFO - Measurement status for ping target v6.invalid.rov-check.nic.ad.jp from 60306 returned Stopped. Fetch the results.
2026-06-12 05:48:09 +0300 - [measure] - INFO - Probe 1007464 with src addr 240b:10:b661:1000:10:251:0:99 sent 3 packets to v6.valid.rov-check.nic.ad.jp and got 3 replies
2026-06-12 05:48:09 +0300 - [measure] - INFO - Probe 1013597 with src addr 240f:f0:1581:1:be24:11ff:fe42:6ca6 sent 3 packets to v6.valid.rov-check.nic.ad.jp and got 3 replies
2026-06-12 05:48:09 +0300 - [measure] - INFO - Probe 1014032 with src addr 240f:3a:e34a:1:ca6:c3ff:fe9d:99c6 sent 3 packets to v6.valid.rov-check.nic.ad.jp and got 3 replies
2026-06-12 05:48:09 +0300 - [measure] - INFO - Probe 1015826 with src addr 240b:12:6620:d112:be24:11ff:fe39:c569 sent 3 packets to v6.valid.rov-check.nic.ad.jp and got 3 replies
2026-06-12 05:48:09 +0300 - [measure] - INFO - Probe 1015881 with src addr fc00::be24:11ff:fe17:4f1e sent 3 packets to v6.valid.rov-check.nic.ad.jp and got 3 replies
2026-06-12 05:48:09 +0300 - [measure] - INFO - Probe 14393 with src addr 240b:10:b661:1000:10:251:0:100 sent 3 packets to v6.valid.rov-check.nic.ad.jp and got 3 replies
2026-06-12 05:48:09 +0300 - [measure] - INFO - Probe 20374 with src addr 240f:143:72e9:1:c24a:ff:fecc:6e10 sent 3 packets to v6.valid.rov-check.nic.ad.jp and got 3 replies
2026-06-12 05:48:09 +0300 - [measure] - INFO - Probe 22388 with src addr 240f:38:d4ef:1:ea94:f6ff:fee3:72a2 sent 3 packets to v6.valid.rov-check.nic.ad.jp and got 3 replies
2026-06-12 05:48:09 +0300 - [measure] - INFO - Probe 27025 with src addr 240b:10:c320:100:eade:27ff:fec9:71f4 sent 3 packets to v6.valid.rov-check.nic.ad.jp and got 3 replies
2026-06-12 05:48:09 +0300 - [measure] - INFO - Probe 27692 with src addr 240f:105:225a:1:f6f2:6dff:fe5d:cbc4 sent 3 packets to v6.valid.rov-check.nic.ad.jp and got 0 replies
2026-06-12 05:48:09 +0300 - [measure] - INFO - Probe 29080 with src addr 240b:10:85a0:9200:ee08:6bff:fe73:22dc sent 3 packets to v6.valid.rov-check.nic.ad.jp and got 3 replies
2026-06-12 05:48:09 +0300 - [measure] - INFO - Probe 34513 with src addr 240f:67:b2e4:1:c225:e9ff:fea8:5bde sent 0 packets to v6.valid.rov-check.nic.ad.jp and got 0 replies
2026-06-12 05:48:09 +0300 - [measure] - INFO - Probe 50499 with src addr 240f:106:c73:1:1:fbff:fe7f:ec00 sent 3 packets to v6.valid.rov-check.nic.ad.jp and got 3 replies
2026-06-12 05:48:09 +0300 - [measure] - INFO - Probe 51329 with src addr 240f:77:2a55:1:1:ff:fe85:23e1 sent 3 packets to v6.valid.rov-check.nic.ad.jp and got 3 replies
2026-06-12 05:48:09 +0300 - [measure] - INFO - Probe 52030 with src addr 240b:11:60:4b00:1:e7ff:febe:3db6 sent 3 packets to v6.valid.rov-check.nic.ad.jp and got 3 replies
2026-06-12 05:48:09 +0300 - [measure] - INFO - Probe 53906 with src addr 240b:10:9120:3600:1:9eff:fee1:b921 sent 3 packets to v6.valid.rov-check.nic.ad.jp and got 0 replies
2026-06-12 05:48:09 +0300 - [measure] - INFO - Probe 54316 with src addr 240b:10:9f67:cb10:1:39ff:fef6:5cd sent 3 packets to v6.valid.rov-check.nic.ad.jp and got 3 replies
2026-06-12 05:48:09 +0300 - [measure] - INFO - Probe 54893 with src addr 240b:252:5863:b100:1:5ff:fec1:bdf0 sent 3 packets to v6.valid.rov-check.nic.ad.jp and got 3 replies
2026-06-12 05:48:09 +0300 - [measure] - INFO - Creating a measurement which will ping v6.invalid.rov-check.nic.ad.jp from probes 51221
2026-06-12 05:48:09 +0300 - [measure] - INFO - Measurement status for ping target v6.invalid.rov-check.nic.ad.jp from 3491,6425,25759 returned Stopped. Fetch the results.
2026-06-12 05:48:09 +0300 - [measure] - INFO - Probe 1000167 with src addr 2400:8500:1301:736:133:130:99:208 sent 3 packets to v6.valid.rov-check.nic.ad.jp and got 3 replies
2026-06-12 05:48:09 +0300 - [measure] - INFO - Probe 1013217 with src addr 2400:8500:1801:484:163:44:180:251 sent 3 packets to v6.valid.rov-check.nic.ad.jp and got 3 replies
2026-06-12 05:48:09 +0300 - [measure] - INFO - Creating a measurement which will ping v6.valid.rov-check.nic.ad.jp from probes 33022
2026-06-12 05:48:09 +0300 - [measure] - INFO - Probe 25759 with src addr 2001:240:12b:1000::33 sent 3 packets to v6.valid.rov-check.nic.ad.jp and got 3 replies
2026-06-12 05:48:09 +0300 - [measure] - INFO - Probe 6425 with src addr 2001:240:1e00:3a00::16 sent 3 packets to v6.valid.rov-check.nic.ad.jp and got 3 replies
2026-06-12 05:48:09 +0300 - [measure] - INFO - Creating a measurement which will ping v6.invalid.rov-check.nic.ad.jp from probes 33022
2026-06-12 05:48:09 +0300 - [measure] - INFO - Probe 60306 with src addr 2001:2f8:1c:a504:da58:d7ff:fe03:1aa sent 3 packets to v6.invalid.rov-check.nic.ad.jp and got 3 replies
2026-06-12 05:48:09 +0300 - [measure] - INFO - Creating a measurement which will ping v6.valid.rov-check.nic.ad.jp from probes 1009116
2026-06-12 05:48:09 +0300 - [measure] - INFO - Probe 25759 with src addr 2001:240:12b:1000::33 sent 3 packets to v6.invalid.rov-check.nic.ad.jp and got 3 replies
2026-06-12 05:48:09 +0300 - [measure] - INFO - Probe 6425 with src addr 2001:240:1e00:3a00::16 sent 3 packets to v6.invalid.rov-check.nic.ad.jp and got 3 replies
2026-06-12 05:48:09 +0300 - [measure] - INFO - Creating a measurement which will ping v6.invalid.rov-check.nic.ad.jp from probes 1009116
2026-06-12 05:48:09 +0300 - [measure] - INFO - Measurement status for ping target v6.invalid.rov-check.nic.ad.jp from 1009353,1013257,1013709,1013710,1014094,1014218,1015919 returned Stopped. Fetch the results.
2026-06-12 05:48:10 +0300 - [measure] - INFO - Probe 1009353 with src addr 2a12:a305::15 sent 3 packets to v6.invalid.rov-check.nic.ad.jp and got 3 replies
2026-06-12 05:48:10 +0300 - [measure] - INFO - Probe 1013257 with src addr 2403:71c0:2000:11f5::a sent 3 packets to v6.invalid.rov-check.nic.ad.jp and got 3 replies
2026-06-12 05:48:10 +0300 - [measure] - INFO - Probe 1013709 with src addr 2403:71c0:2000:1159::44 sent 3 packets to v6.invalid.rov-check.nic.ad.jp and got 3 replies
2026-06-12 05:48:10 +0300 - [measure] - INFO - Probe 1013710 with src addr 2a12:a304:4:15d::35 sent 3 packets to v6.invalid.rov-check.nic.ad.jp and got 0 replies
2026-06-12 05:48:10 +0300 - [measure] - INFO - Creating a measurement which will ping v6.valid.rov-check.nic.ad.jp from probes 1015749
2026-06-12 05:48:10 +0300 - [measure] - INFO - Measurement status for ping target v6.invalid.rov-check.nic.ad.jp from 14393,20374,22388,27025,27692,29080,34513,50499,51329,52030,53906,54316,54893,1007464,1013597,1014032,1015826,1015881 returned Stopped. Fetch the results.
2026-06-12 05:48:11 +0300 - [measure] - INFO - Probe 1007464 with src addr 240b:10:b661:1000:10:251:0:99 sent 3 packets to v6.invalid.rov-check.nic.ad.jp and got 3 replies
2026-06-12 05:48:11 +0300 - [measure] - INFO - Probe 1013597 with src addr 240f:f0:1581:1:be24:11ff:fe42:6ca6 sent 3 packets to v6.invalid.rov-check.nic.ad.jp and got 3 replies
2026-06-12 05:48:11 +0300 - [measure] - INFO - Probe 1014032 with src addr 240f:3a:e34a:1:ca6:c3ff:fe9d:99c6 sent 3 packets to v6.invalid.rov-check.nic.ad.jp and got 3 replies
2026-06-12 05:48:11 +0300 - [measure] - INFO - Probe 1015826 with src addr 240b:12:6620:d112:be24:11ff:fe39:c569 sent 3 packets to v6.invalid.rov-check.nic.ad.jp and got 3 replies
2026-06-12 05:48:11 +0300 - [measure] - INFO - Probe 1015881 with src addr fc00::be24:11ff:fe17:4f1e sent 3 packets to v6.invalid.rov-check.nic.ad.jp and got 3 replies
2026-06-12 05:48:11 +0300 - [measure] - INFO - Probe 14393 with src addr 240b:10:b661:1000:10:251:0:100 sent 3 packets to v6.invalid.rov-check.nic.ad.jp and got 3 replies
2026-06-12 05:48:11 +0300 - [measure] - INFO - Probe 20374 with src addr 240f:143:72e9:1:c24a:ff:fecc:6e10 sent 3 packets to v6.invalid.rov-check.nic.ad.jp and got 3 replies
2026-06-12 05:48:11 +0300 - [measure] - INFO - Probe 22388 with src addr 240f:38:d4ef:1:ea94:f6ff:fee3:72a2 sent 3 packets to v6.invalid.rov-check.nic.ad.jp and got 3 replies
2026-06-12 05:48:11 +0300 - [measure] - INFO - Probe 27025 with src addr 240b:10:c320:100:eade:27ff:fec9:71f4 sent 3 packets to v6.invalid.rov-check.nic.ad.jp and got 3 replies
2026-06-12 05:48:11 +0300 - [measure] - INFO - Probe 27692 with src addr 240f:105:225a:1:f6f2:6dff:fe5d:cbc4 sent 3 packets to v6.invalid.rov-check.nic.ad.jp and got 0 replies
2026-06-12 05:48:11 +0300 - [measure] - INFO - Probe 29080 with src addr 240b:10:85a0:9200:ee08:6bff:fe73:22dc sent 3 packets to v6.invalid.rov-check.nic.ad.jp and got 3 replies
2026-06-12 05:48:11 +0300 - [measure] - INFO - Probe 34513 with src addr 240f:67:b2e4:1:c225:e9ff:fea8:5bde sent 0 packets to v6.invalid.rov-check.nic.ad.jp and got 0 replies
2026-06-12 05:48:11 +0300 - [measure] - INFO - Probe 50499 with src addr 240f:106:c73:1:1:fbff:fe7f:ec00 sent 3 packets to v6.invalid.rov-check.nic.ad.jp and got 3 replies
2026-06-12 05:48:11 +0300 - [measure] - INFO - Probe 51329 with src addr 240f:77:2a55:1:1:ff:fe85:23e1 sent 3 packets to v6.invalid.rov-check.nic.ad.jp and got 3 replies
2026-06-12 05:48:11 +0300 - [measure] - INFO - Probe 52030 with src addr 240b:11:60:4b00:1:e7ff:febe:3db6 sent 3 packets to v6.invalid.rov-check.nic.ad.jp and got 3 replies
2026-06-12 05:48:11 +0300 - [measure] - INFO - Probe 53906 with src addr 240b:10:9120:3600:1:9eff:fee1:b921 sent 3 packets to v6.invalid.rov-check.nic.ad.jp and got 0 replies
2026-06-12 05:48:11 +0300 - [measure] - INFO - Probe 54316 with src addr 240b:10:9f67:cb10:1:39ff:fef6:5cd sent 3 packets to v6.invalid.rov-check.nic.ad.jp and got 3 replies
2026-06-12 05:48:11 +0300 - [measure] - INFO - Probe 54893 with src addr 240b:252:5863:b100:1:5ff:fec1:bdf0 sent 3 packets to v6.invalid.rov-check.nic.ad.jp and got 3 replies
2026-06-12 05:48:11 +0300 - [measure] - INFO - Creating a measurement which will ping v6.invalid.rov-check.nic.ad.jp from probes 1015749
2026-06-12 05:56:05 +0300 - [measure] - INFO - Measurement status for ping target v6.invalid.rov-check.nic.ad.jp from 1009116 returned Stopped. Fetch the results.
2026-06-12 05:56:05 +0300 - [measure] - INFO - Probe 1009116 with src addr 2406:2d40:3095:e01:facc:7fb7:1f76:53ab sent 3 packets to v6.invalid.rov-check.nic.ad.jp and got 3 replies
2026-06-12 05:56:05 +0300 - [measure] - INFO - Creating a measurement which will ping v6.valid.rov-check.nic.ad.jp from probes 1003380,1003384,1010741
2026-06-12 05:56:06 +0300 - [measure] - INFO - Measurement status for ping target v6.valid.rov-check.nic.ad.jp from 1015749 returned Stopped. Fetch the results.
2026-06-12 05:56:06 +0300 - [measure] - INFO - Measurement status for ping target v6.invalid.rov-check.nic.ad.jp from 1015749 returned Stopped. Fetch the results.
2026-06-12 05:56:06 +0300 - [measure] - INFO - Probe 1015749 with src addr 2001:e42:102:1532:160:16:113:72 sent 3 packets to v6.valid.rov-check.nic.ad.jp and got 3 replies
2026-06-12 05:56:06 +0300 - [measure] - INFO - Creating a measurement which will ping v6.invalid.rov-check.nic.ad.jp from probes 1003380,1003384,1010741
2026-06-12 05:56:06 +0300 - [measure] - INFO - Probe 1015749 with src addr 2001:e42:102:1532:160:16:113:72 sent 3 packets to v6.invalid.rov-check.nic.ad.jp and got 3 replies
2026-06-12 05:56:06 +0300 - [measure] - INFO - Creating a measurement which will ping v6.valid.rov-check.nic.ad.jp from probes 11539,54575
2026-06-12 05:56:07 +0300 - [measure] - INFO - Measurement status for ping target v6.invalid.rov-check.nic.ad.jp from 61645,1006012,1013000 returned Stopped. Fetch the results.
2026-06-12 05:56:07 +0300 - [measure] - INFO - Probe 1006012 with src addr 2001:470:23:544::2 sent 3 packets to v6.invalid.rov-check.nic.ad.jp and got 0 replies
2026-06-12 05:56:07 +0300 - [measure] - INFO - Probe 1013000 with src addr 2001:470:fdda:111:20c:29ff:fe4c:1f04 sent 3 packets to v6.invalid.rov-check.nic.ad.jp and got 0 replies
2026-06-12 05:56:07 +0300 - [measure] - INFO - Probe 61645 with src addr 2001:470:fc26:9:da58:d7ff:fe03:46a sent 3 packets to v6.invalid.rov-check.nic.ad.jp and got 0 replies
2026-06-12 05:56:07 +0300 - [measure] - INFO - Creating a measurement which will ping v6.invalid.rov-check.nic.ad.jp from probes 11539,54575
2026-06-12 05:56:07 +0300 - [measure] - INFO - Measurement status for ping target v6.valid.rov-check.nic.ad.jp from 1009116 returned Stopped. Fetch the results.
2026-06-12 05:56:08 +0300 - [measure] - INFO - Probe 1009116 with src addr 2406:2d40:3095:e01:facc:7fb7:1f76:53ab sent 3 packets to v6.valid.rov-check.nic.ad.jp and got 3 replies
2026-06-12 05:56:08 +0300 - [measure] - INFO - Creating a measurement which will ping v6.valid.rov-check.nic.ad.jp from probes 1015951
2026-06-12 05:56:08 +0300 - [measure] - INFO - Measurement status for ping target v6.valid.rov-check.nic.ad.jp from 29043,50366,50501,52844,62326,1008545,1009771,1011490,1015148,1015709 returned Stopped. Fetch the results.
2026-06-12 05:56:08 +0300 - [measure] - INFO - Measurement status for ping target v6.invalid.rov-check.nic.ad.jp from 29043,50366,50501,52844,62326,1008545,1009771,1011490,1015148,1015709 returned Stopped. Fetch the results.
2026-06-12 05:56:08 +0300 - [measure] - INFO - Measurement status for ping target v6.valid.rov-check.nic.ad.jp from 61645,1006012,1013000 returned Stopped. Fetch the results.
2026-06-12 05:56:08 +0300 - [measure] - INFO - Probe 1008545 with src addr 2400:4153:4182:6400:d2f8:baa6:26ab:c727 sent 3 packets to v6.valid.rov-check.nic.ad.jp and got 3 replies
2026-06-12 05:56:08 +0300 - [measure] - INFO - Probe 1011490 with src addr 2400:4050:8c63:b100:73f:3794:ac19:af28 sent 3 packets to v6.valid.rov-check.nic.ad.jp and got 3 replies
2026-06-12 05:56:08 +0300 - [measure] - INFO - Probe 1015148 with src addr 2400:4052:9ca0:ef00:ba27:ebff:fe54:3d49 sent 3 packets to v6.valid.rov-check.nic.ad.jp and got 3 replies
2026-06-12 05:56:08 +0300 - [measure] - INFO - Probe 1015709 with src addr 2400:4153:6022:2ef8:ba27:ebff:feca:c326 sent 3 packets to v6.valid.rov-check.nic.ad.jp and got 3 replies
2026-06-12 05:56:08 +0300 - [measure] - INFO - Probe 29043 with src addr 2400:4051:161:2f00:a62b:b0ff:fef1:6128 sent 3 packets to v6.valid.rov-check.nic.ad.jp and got 3 replies
2026-06-12 05:56:08 +0300 - [measure] - INFO - Probe 50366 with src addr 2400:4051:9ac1:6400:1:b6ff:fec0:80f4 sent 3 packets to v6.valid.rov-check.nic.ad.jp and got 3 replies
2026-06-12 05:56:08 +0300 - [measure] - INFO - Probe 50501 with src addr 2400:4152:35e0:1500:1:fdff:fe51:58e4 sent 3 packets to v6.valid.rov-check.nic.ad.jp and got 3 replies
2026-06-12 05:56:08 +0300 - [measure] - INFO - Probe 52844 with src addr 2400:4053:3b42:5200:1:89ff:fe75:3803 sent 3 packets to v6.valid.rov-check.nic.ad.jp and got 3 replies
2026-06-12 05:56:08 +0300 - [measure] - INFO - Probe 62326 with src addr 2400:4051:cc22:4400:da58:d7ff:fe03:10e sent 3 packets to v6.valid.rov-check.nic.ad.jp and got 3 replies
2026-06-12 05:56:08 +0300 - [measure] - INFO - Creating a measurement which will ping v6.invalid.rov-check.nic.ad.jp from probes 1015951
2026-06-12 05:56:08 +0300 - [measure] - INFO - Probe 1008545 with src addr 2400:4153:4182:6400:d2f8:baa6:26ab:c727 sent 3 packets to v6.invalid.rov-check.nic.ad.jp and got 3 replies
2026-06-12 05:56:08 +0300 - [measure] - INFO - Probe 1011490 with src addr 2400:4050:8c63:b100:73f:3794:ac19:af28 sent 3 packets to v6.invalid.rov-check.nic.ad.jp and got 3 replies
2026-06-12 05:56:08 +0300 - [measure] - INFO - Probe 1015148 with src addr 2400:4052:9ca0:ef00:ba27:ebff:fe54:3d49 sent 3 packets to v6.invalid.rov-check.nic.ad.jp and got 3 replies
2026-06-12 05:56:08 +0300 - [measure] - INFO - Probe 1015709 with src addr 2400:4153:6022:2ef8:ba27:ebff:feca:c326 sent 3 packets to v6.invalid.rov-check.nic.ad.jp and got 3 replies
2026-06-12 05:56:08 +0300 - [measure] - INFO - Probe 29043 with src addr 2400:4051:161:2f00:a62b:b0ff:fef1:6128 sent 3 packets to v6.invalid.rov-check.nic.ad.jp and got 3 replies
2026-06-12 05:56:08 +0300 - [measure] - INFO - Probe 50366 with src addr 2400:4051:9ac1:6400:1:b6ff:fec0:80f4 sent 3 packets to v6.invalid.rov-check.nic.ad.jp and got 3 replies
2026-06-12 05:56:08 +0300 - [measure] - INFO - Probe 50501 with src addr 2400:4152:35e0:1500:1:fdff:fe51:58e4 sent 3 packets to v6.invalid.rov-check.nic.ad.jp and got 3 replies
2026-06-12 05:56:08 +0300 - [measure] - INFO - Probe 52844 with src addr 2400:4053:3b42:5200:1:89ff:fe75:3803 sent 3 packets to v6.invalid.rov-check.nic.ad.jp and got 3 replies
2026-06-12 05:56:08 +0300 - [measure] - INFO - Probe 62326 with src addr 2400:4051:cc22:4400:da58:d7ff:fe03:10e sent 3 packets to v6.invalid.rov-check.nic.ad.jp and got 3 replies
2026-06-12 05:56:08 +0300 - [measure] - INFO - Creating a measurement which will ping v6.valid.rov-check.nic.ad.jp from probes 1015950
2026-06-12 05:56:08 +0300 - [measure] - INFO - Measurement status for ping target v6.invalid.rov-check.nic.ad.jp from 15691,27284,52625,53163,60782,1003967,1008224,1011869 returned Stopped. Fetch the results.
2026-06-12 05:56:08 +0300 - [measure] - INFO - Probe 1006012 with src addr 2001:470:23:544::2 sent 3 packets to v6.valid.rov-check.nic.ad.jp and got 0 replies
2026-06-12 05:56:08 +0300 - [measure] - INFO - Probe 1013000 with src addr 2001:470:fdda:111:20c:29ff:fe4c:1f04 sent 3 packets to v6.valid.rov-check.nic.ad.jp and got 3 replies
2026-06-12 05:56:08 +0300 - [measure] - INFO - Probe 61645 with src addr 2001:470:fc26:9:da58:d7ff:fe03:46a sent 3 packets to v6.valid.rov-check.nic.ad.jp and got 3 replies
2026-06-12 05:56:08 +0300 - [measure] - INFO - Creating a measurement which will ping v6.invalid.rov-check.nic.ad.jp from probes 1015950
2026-06-12 05:56:08 +0300 - [measure] - INFO - Probe 1003967 with src addr 2405:6582:8a20:1000:20d:48ff:fe47:27ac sent 3 packets to v6.invalid.rov-check.nic.ad.jp and got 3 replies
2026-06-12 05:56:08 +0300 - [measure] - INFO - Probe 1008224 with src addr 2405:6587:aa0:4200:cf53:f630:8157:81aa sent 3 packets to v6.invalid.rov-check.nic.ad.jp and got 3 replies
2026-06-12 05:56:08 +0300 - [measure] - INFO - Probe 1011869 with src addr 2405:6581:9e80:1f01:3c4d:c2ff:fe46:dae4 sent 3 packets to v6.invalid.rov-check.nic.ad.jp and got 3 replies
2026-06-12 05:56:08 +0300 - [measure] - INFO - Probe 15691 with src addr 2405:6584:6140:800:6666:b3ff:feb0:b9cc sent 3 packets to v6.invalid.rov-check.nic.ad.jp and got 3 replies
2026-06-12 05:56:08 +0300 - [measure] - INFO - Probe 27284 with src addr 2405:6580:94e0:4500:c66e:1fff:fe5b:d0a6 sent 3 packets to v6.invalid.rov-check.nic.ad.jp and got 3 replies
2026-06-12 05:56:08 +0300 - [measure] - INFO - Probe 53163 with src addr 2405:6580:88c0:5a00:1:33ff:fed4:2734 sent 3 packets to v6.invalid.rov-check.nic.ad.jp and got 3 replies
2026-06-12 05:56:08 +0300 - [measure] - INFO - Probe 60782 with src addr 2405:6582:8a20:1000:da58:d7ff:fe03:70d sent 3 packets to v6.invalid.rov-check.nic.ad.jp and got 3 replies
2026-06-12 05:56:08 +0300 - [measure] - INFO - Creating a measurement which will ping v6.valid.rov-check.nic.ad.jp from probes 12782
2026-06-12 05:56:08 +0300 - [measure] - INFO - Measurement status for ping target v6.valid.rov-check.nic.ad.jp from 1011295 returned Stopped. Fetch the results.
2026-06-12 05:56:08 +0300 - [measure] - INFO - Probe 1011295 with src addr 2001:310:1000:300::6 sent 3 packets to v6.valid.rov-check.nic.ad.jp and got 3 replies
2026-06-12 05:56:08 +0300 - [measure] - INFO - Creating a measurement which will ping v6.invalid.rov-check.nic.ad.jp from probes 12782
2026-06-12 05:56:09 +0300 - [measure] - INFO - Measurement status for ping target v6.valid.rov-check.nic.ad.jp from 15691,27284,52625,53163,60782,1003967,1008224,1011869 returned Stopped. Fetch the results.
2026-06-12 05:56:09 +0300 - [measure] - INFO - Probe 1003967 with src addr 2405:6582:8a20:1000:20d:48ff:fe47:27ac sent 3 packets to v6.valid.rov-check.nic.ad.jp and got 3 replies
2026-06-12 05:56:09 +0300 - [measure] - INFO - Probe 1008224 with src addr 2405:6587:aa0:4200:cf53:f630:8157:81aa sent 3 packets to v6.valid.rov-check.nic.ad.jp and got 3 replies
2026-06-12 05:56:09 +0300 - [measure] - INFO - Probe 1011869 with src addr 2405:6581:9e80:1f01:3c4d:c2ff:fe46:dae4 sent 3 packets to v6.valid.rov-check.nic.ad.jp and got 3 replies
2026-06-12 05:56:09 +0300 - [measure] - INFO - Probe 15691 with src addr 2405:6584:6140:800:6666:b3ff:feb0:b9cc sent 3 packets to v6.valid.rov-check.nic.ad.jp and got 3 replies
2026-06-12 05:56:09 +0300 - [measure] - INFO - Probe 27284 with src addr 2405:6580:94e0:4500:c66e:1fff:fe5b:d0a6 sent 3 packets to v6.valid.rov-check.nic.ad.jp and got 3 replies
2026-06-12 05:56:09 +0300 - [measure] - INFO - Probe 53163 with src addr 2405:6580:88c0:5a00:1:33ff:fed4:2734 sent 3 packets to v6.valid.rov-check.nic.ad.jp and got 3 replies
2026-06-12 05:56:09 +0300 - [measure] - INFO - Probe 60782 with src addr 2405:6582:8a20:1000:da58:d7ff:fe03:70d sent 3 packets to v6.valid.rov-check.nic.ad.jp and got 3 replies
2026-06-12 05:56:09 +0300 - [measure] - INFO - Creating a measurement which will ping v6.valid.rov-check.nic.ad.jp from probes 34665,50304,62268,1015757
2026-06-12 05:56:09 +0300 - [measure] - INFO - Measurement status for ping target v6.invalid.rov-check.nic.ad.jp from 7080 returned Stopped. Fetch the results.
2026-06-12 05:56:09 +0300 - [measure] - INFO - Measurement status for ping target v6.invalid.rov-check.nic.ad.jp from 1011295 returned Stopped. Fetch the results.
2026-06-12 05:56:09 +0300 - [measure] - INFO - Measurement status for ping target v6.valid.rov-check.nic.ad.jp from 51221 returned Stopped. Fetch the results.
2026-06-12 05:56:09 +0300 - [measure] - INFO - Measurement status for ping target v6.valid.rov-check.nic.ad.jp from 65361 returned Stopped. Fetch the results.
2026-06-12 05:56:09 +0300 - [measure] - INFO - Probe 7080 with src addr 2400:8800:e007::4 sent 3 packets to v6.invalid.rov-check.nic.ad.jp and got 0 replies
2026-06-12 05:56:09 +0300 - [measure] - INFO - Creating a measurement which will ping v6.invalid.rov-check.nic.ad.jp from probes 34665,50304,62268,1015757
2026-06-12 05:56:09 +0300 - [measure] - INFO - Probe 1011295 with src addr 2001:310:1000:300::6 sent 3 packets to v6.invalid.rov-check.nic.ad.jp and got 3 replies
2026-06-12 05:56:09 +0300 - [measure] - INFO - Creating a measurement which will ping v6.valid.rov-check.nic.ad.jp from probes 50417
2026-06-12 05:56:10 +0300 - [measure] - INFO - Probe 65361 with src addr 2001:dc0:3:0:da58:d7ff:fe03:1389 sent 3 packets to v6.valid.rov-check.nic.ad.jp and got 3 replies
2026-06-12 05:56:10 +0300 - [measure] - INFO - Creating a measurement which will ping v6.invalid.rov-check.nic.ad.jp from probes 50417
2026-06-12 05:56:10 +0300 - [measure] - INFO - Measurement status for ping target v6.invalid.rov-check.nic.ad.jp from 51221 returned Stopped. Fetch the results.
2026-06-12 05:56:10 +0300 - [measure] - INFO - Probe 51221 with src addr 2001:fa8:f093:0:1:cbff:fe87:71b9 sent 3 packets to v6.valid.rov-check.nic.ad.jp and got 3 replies
2026-06-12 05:56:10 +0300 - [measure] - INFO - Creating a measurement which will ping v6.valid.rov-check.nic.ad.jp from probes 1006511
2026-06-12 05:56:10 +0300 - [measure] - INFO - Measurement status for ping target v6.invalid.rov-check.nic.ad.jp from 33022 returned Stopped. Fetch the results.
2026-06-12 05:56:10 +0300 - [measure] - INFO - Measurement status for ping target v6.valid.rov-check.nic.ad.jp from 7080 returned Stopped. Fetch the results.
2026-06-12 05:56:10 +0300 - [measure] - INFO - Probe 51221 with src addr 2001:fa8:f093:0:1:cbff:fe87:71b9 sent 3 packets to v6.invalid.rov-check.nic.ad.jp and got 3 replies
2026-06-12 05:56:10 +0300 - [measure] - INFO - Creating a measurement which will ping v6.invalid.rov-check.nic.ad.jp from probes 1006511
2026-06-12 05:56:10 +0300 - [measure] - INFO - Probe 33022 with src addr 2403:7800:c109:a000:1ad6:c7ff:fee5:a4aa sent 3 packets to v6.invalid.rov-check.nic.ad.jp and got 3 replies
2026-06-12 05:56:10 +0300 - [measure] - INFO - Creating a measurement which will ping v6.valid.rov-check.nic.ad.jp from probes 33107,1004919,1005457,1008206
2026-06-12 05:56:10 +0300 - [measure] - INFO - Probe 7080 with src addr 2400:8800:e007::4 sent 3 packets to v6.valid.rov-check.nic.ad.jp and got 3 replies
2026-06-12 05:56:10 +0300 - [measure] - INFO - Creating a measurement which will ping v6.invalid.rov-check.nic.ad.jp from probes 33107,1004919,1005457,1008206
2026-06-12 05:56:10 +0300 - [measure] - INFO - Measurement status for ping target v6.invalid.rov-check.nic.ad.jp from 65361 returned Stopped. Fetch the results.
2026-06-12 05:56:10 +0300 - [measure] - INFO - Measurement status for ping target v6.valid.rov-check.nic.ad.jp from 33022 returned Stopped. Fetch the results.
2026-06-12 05:56:10 +0300 - [measure] - INFO - Probe 65361 with src addr 2001:dc0:3:0:da58:d7ff:fe03:1389 sent 3 packets to v6.invalid.rov-check.nic.ad.jp and got 3 replies
2026-06-12 05:56:11 +0300 - [measure] - INFO - Creating a measurement which will ping v6.valid.rov-check.nic.ad.jp from probes 1012176
2026-06-12 05:56:11 +0300 - [measure] - INFO - Probe 33022 with src addr 2403:7800:c109:a000:1ad6:c7ff:fee5:a4aa sent 0 packets to v6.valid.rov-check.nic.ad.jp and got 0 replies
2026-06-12 05:56:11 +0300 - [measure] - INFO - Creating a measurement which will ping v6.invalid.rov-check.nic.ad.jp from probes 1012176
2026-06-12 06:04:07 +0300 - [measure] - INFO - Measurement status for ping target v6.invalid.rov-check.nic.ad.jp from 1012176 returned Stopped. Fetch the results.
2026-06-12 06:04:07 +0300 - [measure] - INFO - Probe 1012176 with src addr 2607:fdc0:301:9:262:bff:fecd:a6f0 sent 3 packets to v6.invalid.rov-check.nic.ad.jp and got 3 replies
2026-06-12 06:04:07 +0300 - [measure] - INFO - Creating a measurement which will ping v6.valid.rov-check.nic.ad.jp from probes 1015099
2026-06-12 06:04:07 +0300 - [measure] - INFO - Measurement status for ping target v6.invalid.rov-check.nic.ad.jp from 33107,1004919,1005457,1008206 returned Stopped. Fetch the results.
2026-06-12 06:04:07 +0300 - [measure] - INFO - Measurement status for ping target v6.invalid.rov-check.nic.ad.jp from 1015951 returned Stopped. Fetch the results.
2026-06-12 06:04:07 +0300 - [measure] - INFO - Measurement status for ping target v6.valid.rov-check.nic.ad.jp from 50417 returned Stopped. Fetch the results.
2026-06-12 06:04:08 +0300 - [measure] - INFO - Probe 1005457 with src addr 2400:2410:bf0a:b904:1827:f3a1:3de1:6610 sent 3 packets to v6.invalid.rov-check.nic.ad.jp and got 0 replies
2026-06-12 06:04:08 +0300 - [measure] - INFO - Probe 1008206 with src addr 2400:2650:2920:b000:b6e6:4f46:7a82:e43e sent 3 packets to v6.invalid.rov-check.nic.ad.jp and got 0 replies
2026-06-12 06:04:08 +0300 - [measure] - INFO - Probe 33107 with src addr 2400:2412:bc2:4f00:1ad6:c7ff:fef2:ef92 sent 3 packets to v6.invalid.rov-check.nic.ad.jp and got 0 replies
2026-06-12 06:04:08 +0300 - [measure] - INFO - Creating a measurement which will ping v6.invalid.rov-check.nic.ad.jp from probes 1015099
2026-06-12 06:04:08 +0300 - [measure] - INFO - Measurement status for ping target v6.valid.rov-check.nic.ad.jp from 11539,54575 returned Stopped. Fetch the results.
2026-06-12 06:04:08 +0300 - [measure] - INFO - Measurement status for ping target v6.invalid.rov-check.nic.ad.jp from 50417 returned Stopped. Fetch the results.
2026-06-12 06:04:08 +0300 - [measure] - INFO - Probe 50417 with src addr 2001:298:2076:50:1:d2ff:fe00:f0bf sent 3 packets to v6.valid.rov-check.nic.ad.jp and got 3 replies
2026-06-12 06:04:08 +0300 - [measure] - INFO - Creating a measurement which will ping v6.valid.rov-check.nic.ad.jp from probes 1014883
2026-06-12 06:04:08 +0300 - [measure] - INFO - Measurement status for ping target v6.invalid.rov-check.nic.ad.jp from 34665,50304,62268,1015757 returned Stopped. Fetch the results.
2026-06-12 06:04:08 +0300 - [measure] - INFO - Measurement status for ping target v6.valid.rov-check.nic.ad.jp from 1003380,1003384,1010741 returned Stopped. Fetch the results.
2026-06-12 06:04:08 +0300 - [measure] - INFO - Measurement status for ping target v6.valid.rov-check.nic.ad.jp from 1012176 returned Stopped. Fetch the results.
2026-06-12 06:04:08 +0300 - [measure] - INFO - Probe 11539 with src addr 2403:4440:ffff:204:fa1a:67ff:fe4d:87db sent 3 packets to v6.valid.rov-check.nic.ad.jp and got 3 replies
2026-06-12 06:04:08 +0300 - [measure] - INFO - Probe 54575 with src addr 2403:4440:40:1006:1:faff:fef8:5a02 sent 3 packets to v6.valid.rov-check.nic.ad.jp and got 3 replies
2026-06-12 06:04:08 +0300 - [measure] - INFO - Creating a measurement which will ping v6.invalid.rov-check.nic.ad.jp from probes 1014883
2026-06-12 06:04:08 +0300 - [measure] - INFO - Probe 50417 with src addr 2001:298:2076:50:1:d2ff:fe00:f0bf sent 3 packets to v6.invalid.rov-check.nic.ad.jp and got 3 replies
2026-06-12 06:04:08 +0300 - [measure] - INFO - Creating a measurement which will ping v6.valid.rov-check.nic.ad.jp from probes 1009506
2026-06-12 06:04:08 +0300 - [measure] - INFO - Measurement status for ping target v6.valid.rov-check.nic.ad.jp from 33107,1004919,1005457,1008206 returned Stopped. Fetch the results.
2026-06-12 06:04:08 +0300 - [measure] - INFO - Probe 1003380 with src addr 2406:da16:cfc:cd00:e2e6:13ae:6d79:143d sent 3 packets to v6.valid.rov-check.nic.ad.jp and got 3 replies
2026-06-12 06:04:08 +0300 - [measure] - INFO - Probe 1003384 with src addr 2406:da14:182d:d201:6df6:13c0:93b3:4bc8 sent 3 packets to v6.valid.rov-check.nic.ad.jp and got 3 replies
2026-06-12 06:04:08 +0300 - [measure] - INFO - Probe 1010741 with src addr 2406:da14:1838:f002:234a:aabd:312a:32be sent 3 packets to v6.valid.rov-check.nic.ad.jp and got 3 replies
2026-06-12 06:04:08 +0300 - [measure] - INFO - Creating a measurement which will ping v6.invalid.rov-check.nic.ad.jp from probes 1009506
2026-06-12 06:04:08 +0300 - [measure] - INFO - Probe 34665 with src addr 2405:1200:d117:8d01:c225:e9ff:fe9a:95a sent 3 packets to v6.invalid.rov-check.nic.ad.jp and got 0 replies
2026-06-12 06:04:08 +0300 - [measure] - INFO - Probe 50304 with src addr 2405:1201:610d:4100:1:95ff:fe9a:3298 sent 3 packets to v6.invalid.rov-check.nic.ad.jp and got 0 replies
2026-06-12 06:04:08 +0300 - [measure] - INFO - Probe 62268 with src addr 2405:1203:4381:9100:da58:d7ff:fe03:906 sent 3 packets to v6.invalid.rov-check.nic.ad.jp and got 0 replies
2026-06-12 06:04:08 +0300 - [measure] - INFO - Creating a measurement which will ping v6.valid.rov-check.nic.ad.jp from probes 61328,61431
2026-06-12 06:04:08 +0300 - [measure] - INFO - Probe 1012176 with src addr 2607:fdc0:301:9:262:bff:fecd:a6f0 sent 3 packets to v6.valid.rov-check.nic.ad.jp and got 3 replies
2026-06-12 06:04:08 +0300 - [measure] - INFO - Creating a measurement which will ping v6.invalid.rov-check.nic.ad.jp from probes 61328,61431
2026-06-12 06:04:08 +0300 - [measure] - INFO - Measurement status for ping target v6.valid.rov-check.nic.ad.jp from 12782 returned Stopped. Fetch the results.
2026-06-12 06:04:08 +0300 - [measure] - INFO - Probe 1015951 with src addr 2403:3a00:202:191f:133:167:108:185 sent 3 packets to v6.invalid.rov-check.nic.ad.jp and got 3 replies
2026-06-12 06:04:08 +0300 - [measure] - INFO - Creating a measurement which will ping v6.valid.rov-check.nic.ad.jp from probes 6455,1004049,1015719,1015720
2026-06-12 06:04:08 +0300 - [measure] - INFO - Measurement status for ping target v6.valid.rov-check.nic.ad.jp from 1006511 returned Stopped. Fetch the results.
2026-06-12 06:04:08 +0300 - [measure] - INFO - Probe 1005457 with src addr 2400:2410:bf0a:b904:1827:f3a1:3de1:6610 sent 3 packets to v6.valid.rov-check.nic.ad.jp and got 3 replies
2026-06-12 06:04:08 +0300 - [measure] - INFO - Probe 1008206 with src addr 2400:2650:2920:b000:b6e6:4f46:7a82:e43e sent 3 packets to v6.valid.rov-check.nic.ad.jp and got 3 replies
2026-06-12 06:04:08 +0300 - [measure] - INFO - Probe 33107 with src addr 2400:2412:bc2:4f00:1ad6:c7ff:fef2:ef92 sent 3 packets to v6.valid.rov-check.nic.ad.jp and got 3 replies
2026-06-12 06:04:08 +0300 - [measure] - INFO - Creating a measurement which will ping v6.invalid.rov-check.nic.ad.jp from probes 6455,1004049,1015719,1015720
2026-06-12 06:04:08 +0300 - [measure] - INFO - Probe 12782 with src addr 2001:c90:8220:4f7a:fa1a:67ff:fe4d:939a sent 3 packets to v6.valid.rov-check.nic.ad.jp and got 0 replies
2026-06-12 06:04:08 +0300 - [measure] - INFO - Creating a measurement which will ping v6.valid.rov-check.nic.ad.jp from probes 50385,55494,1007612,1009070
2026-06-12 06:04:08 +0300 - [measure] - INFO - Probe 1006511 with src addr 2602:fd6f:2d::1 sent 3 packets to v6.valid.rov-check.nic.ad.jp and got 3 replies
2026-06-12 06:04:08 +0300 - [measure] - INFO - Creating a measurement which will ping v6.invalid.rov-check.nic.ad.jp from probes 50385,55494,1007612,1009070
2026-06-12 06:04:09 +0300 - [measure] - INFO - Measurement status for ping target v6.invalid.rov-check.nic.ad.jp from 1003380,1003384,1010741 returned Stopped. Fetch the results.
2026-06-12 06:04:09 +0300 - [measure] - INFO - Probe 1003380 with src addr 2406:da16:cfc:cd00:e2e6:13ae:6d79:143d sent 3 packets to v6.invalid.rov-check.nic.ad.jp and got 0 replies
2026-06-12 06:04:09 +0300 - [measure] - INFO - Probe 1003384 with src addr 2406:da14:182d:d201:6df6:13c0:93b3:4bc8 sent 3 packets to v6.invalid.rov-check.nic.ad.jp and got 0 replies
2026-06-12 06:04:09 +0300 - [measure] - INFO - Probe 1010741 with src addr 2406:da14:1838:f002:234a:aabd:312a:32be sent 3 packets to v6.invalid.rov-check.nic.ad.jp and got 0 replies
2026-06-12 06:04:09 +0300 - [measure] - INFO - Creating a measurement which will ping v6.valid.rov-check.nic.ad.jp from probes 6983
2026-06-12 06:04:09 +0300 - [measure] - INFO - Measurement status for ping target v6.valid.rov-check.nic.ad.jp from 1015950 returned Stopped. Fetch the results.
2026-06-12 06:04:10 +0300 - [measure] - INFO - Measurement status for ping target v6.valid.rov-check.nic.ad.jp from 1015951 returned Stopped. Fetch the results.
2026-06-12 06:04:10 +0300 - [measure] - INFO - Measurement status for ping target v6.invalid.rov-check.nic.ad.jp from 1015950 returned Stopped. Fetch the results.
2026-06-12 06:04:10 +0300 - [measure] - INFO - Measurement status for ping target v6.invalid.rov-check.nic.ad.jp from 12782 returned Stopped. Fetch the results.
2026-06-12 06:04:10 +0300 - [measure] - INFO - Probe 1015950 with src addr 2401:2500:102:3014:153:126:156:48 sent 3 packets to v6.valid.rov-check.nic.ad.jp and got 3 replies
2026-06-12 06:04:10 +0300 - [measure] - INFO - Creating a measurement which will ping v6.invalid.rov-check.nic.ad.jp from probes 6983
2026-06-12 06:04:10 +0300 - [measure] - INFO - Probe 1015951 with src addr 2403:3a00:202:191f:133:167:108:185 sent 3 packets to v6.valid.rov-check.nic.ad.jp and got 3 replies
2026-06-12 06:04:10 +0300 - [measure] - INFO - Creating a measurement which will ping v6.valid.rov-check.nic.ad.jp from probes 26859
2026-06-12 06:04:10 +0300 - [measure] - INFO - Probe 1015950 with src addr 2401:2500:102:3014:153:126:156:48 sent 3 packets to v6.invalid.rov-check.nic.ad.jp and got 3 replies
2026-06-12 06:04:10 +0300 - [measure] - INFO - Creating a measurement which will ping v6.invalid.rov-check.nic.ad.jp from probes 26859
2026-06-12 06:04:10 +0300 - [measure] - INFO - Probe 12782 with src addr 2001:c90:8220:4f7a:fa1a:67ff:fe4d:939a sent 3 packets to v6.invalid.rov-check.nic.ad.jp and got 0 replies
2026-06-12 06:04:10 +0300 - [measure] - INFO - Creating a measurement which will ping v6.valid.rov-check.nic.ad.jp from probes 1005742,1011375,1015960
2026-06-12 06:04:10 +0300 - [measure] - INFO - Measurement status for ping target v6.invalid.rov-check.nic.ad.jp from 11539,54575 returned Stopped. Fetch the results.
2026-06-12 06:04:10 +0300 - [measure] - INFO - Measurement status for ping target v6.valid.rov-check.nic.ad.jp from 34665,50304,62268,1015757 returned Stopped. Fetch the results.
2026-06-12 06:04:10 +0300 - [measure] - INFO - Measurement status for ping target v6.invalid.rov-check.nic.ad.jp from 1006511 returned Stopped. Fetch the results.
2026-06-12 06:04:10 +0300 - [measure] - INFO - Probe 11539 with src addr 2403:4440:ffff:204:fa1a:67ff:fe4d:87db sent 3 packets to v6.invalid.rov-check.nic.ad.jp and got 3 replies
2026-06-12 06:04:10 +0300 - [measure] - INFO - Probe 54575 with src addr 2403:4440:40:1006:1:faff:fef8:5a02 sent 3 packets to v6.invalid.rov-check.nic.ad.jp and got 3 replies
2026-06-12 06:04:10 +0300 - [measure] - INFO - Creating a measurement which will ping v6.invalid.rov-check.nic.ad.jp from probes 1005742,1011375,1015960
2026-06-12 06:04:10 +0300 - [measure] - INFO - Probe 34665 with src addr 2405:1200:d117:8d01:c225:e9ff:fe9a:95a sent 3 packets to v6.valid.rov-check.nic.ad.jp and got 3 replies
2026-06-12 06:04:10 +0300 - [measure] - INFO - Probe 50304 with src addr 2405:1201:610d:4100:1:95ff:fe9a:3298 sent 3 packets to v6.valid.rov-check.nic.ad.jp and got 3 replies
2026-06-12 06:04:10 +0300 - [measure] - INFO - Probe 62268 with src addr 2405:1203:4381:9100:da58:d7ff:fe03:906 sent 3 packets to v6.valid.rov-check.nic.ad.jp and got 3 replies
2026-06-12 06:04:10 +0300 - [measure] - INFO - Creating a measurement which will ping v6.valid.rov-check.nic.ad.jp from probes 7642
2026-06-12 06:04:11 +0300 - [measure] - INFO - Probe 1006511 with src addr 2602:fd6f:2d::1 sent 3 packets to v6.invalid.rov-check.nic.ad.jp and got 3 replies
2026-06-12 06:04:11 +0300 - [measure] - INFO - Creating a measurement which will ping v6.invalid.rov-check.nic.ad.jp from probes 7642
2026-06-12 06:12:05 +0300 - [measure] - INFO - Measurement status for ping target v6.valid.rov-check.nic.ad.jp from 1014883 returned Stopped. Fetch the results.
2026-06-12 06:12:05 +0300 - [measure] - INFO - Measurement status for ping target v6.valid.rov-check.nic.ad.jp from 6455,1004049,1015719,1015720 returned Stopped. Fetch the results.
2026-06-12 06:12:05 +0300 - [measure] - INFO - Measurement status for ping target v6.valid.rov-check.nic.ad.jp from 61328,61431 returned Stopped. Fetch the results.
2026-06-12 06:12:05 +0300 - [measure] - INFO - Measurement status for ping target v6.invalid.rov-check.nic.ad.jp from 26859 returned Stopped. Fetch the results.
2026-06-12 06:12:05 +0300 - [measure] - INFO - Probe 1004049 with src addr 2001:19f0:7001:2686:5400:1ff:fedd:88be sent 3 packets to v6.valid.rov-check.nic.ad.jp and got 3 replies
2026-06-12 06:12:05 +0300 - [measure] - INFO - Probe 1015719 with src addr 2401:c080:1000:28d6:5400:6ff:fe28:542a sent 3 packets to v6.valid.rov-check.nic.ad.jp and got 3 replies
2026-06-12 06:12:05 +0300 - [measure] - INFO - Probe 1015720 with src addr 2401:c080:3800:35da:5400:6ff:fe28:5947 sent 3 packets to v6.valid.rov-check.nic.ad.jp and got 3 replies
2026-06-12 06:12:05 +0300 - [measure] - INFO - Probe 6455 with src addr 2401:c080:1000:47a5:5400:1ff:fecd:3545 sent 3 packets to v6.valid.rov-check.nic.ad.jp and got 3 replies
2026-06-12 06:12:05 +0300 - [measure] - INFO - Creating a measurement which will ping v6.valid.rov-check.nic.ad.jp from probes 2299,7560,7563
2026-06-12 06:12:05 +0300 - [measure] - INFO - Probe 1014883 with src addr 2001:3b0:22:b2d1:215:5dff:fe01:6701 sent 3 packets to v6.valid.rov-check.nic.ad.jp and got 3 replies
2026-06-12 06:12:05 +0300 - [measure] - INFO - Creating a measurement which will ping v6.invalid.rov-check.nic.ad.jp from probes 2299,7560,7563
2026-06-12 06:12:05 +0300 - [measure] - INFO - Probe 61328 with src addr 2402:6b00:f028:2500:da58:d7ff:fe03:2d2 sent 3 packets to v6.valid.rov-check.nic.ad.jp and got 3 replies
2026-06-12 06:12:05 +0300 - [measure] - INFO - Probe 61431 with src addr 2402:6b00:eb2f:8100:da58:d7ff:fe03:8d8 sent 3 packets to v6.valid.rov-check.nic.ad.jp and got 3 replies
2026-06-12 06:12:05 +0300 - [measure] - INFO - Creating a measurement which will ping v6.valid.rov-check.nic.ad.jp from probes 1012750
2026-06-12 06:12:05 +0300 - [measure] - INFO - Measurement status for ping target v6.valid.rov-check.nic.ad.jp from 26859 returned Stopped. Fetch the results.
2026-06-12 06:12:05 +0300 - [measure] - INFO - Measurement status for ping target v6.invalid.rov-check.nic.ad.jp from 61328,61431 returned Stopped. Fetch the results.
2026-06-12 06:12:05 +0300 - [measure] - INFO - Probe 26859 with src addr 2001:df0:eb:e600:c66e:1fff:fe3a:d114 sent 0 packets to v6.invalid.rov-check.nic.ad.jp and got 0 replies
2026-06-12 06:12:05 +0300 - [measure] - INFO - Creating a measurement which will ping v6.invalid.rov-check.nic.ad.jp from probes 1012750
2026-06-12 06:12:05 +0300 - [measure] - INFO - Measurement status for ping target v6.valid.rov-check.nic.ad.jp from 6983 returned Stopped. Fetch the results.
2026-06-12 06:12:05 +0300 - [measure] - INFO - Probe 26859 with src addr 2001:df0:eb:e600:c66e:1fff:fe3a:d114 sent 0 packets to v6.valid.rov-check.nic.ad.jp and got 0 replies
2026-06-12 06:12:05 +0300 - [measure] - INFO - Creating a measurement which will ping v6.valid.rov-check.nic.ad.jp from probes 234,12199,26804,50447,51663,1005888,1005891,1005892,1005893,1007621,1008990,1013906,1014289
2026-06-12 06:12:05 +0300 - [measure] - INFO - Probe 61328 with src addr 2402:6b00:f028:2500:da58:d7ff:fe03:2d2 sent 3 packets to v6.invalid.rov-check.nic.ad.jp and got 3 replies
2026-06-12 06:12:05 +0300 - [measure] - INFO - Probe 61431 with src addr 2402:6b00:eb2f:8100:da58:d7ff:fe03:8d8 sent 3 packets to v6.invalid.rov-check.nic.ad.jp and got 3 replies
2026-06-12 06:12:05 +0300 - [measure] - INFO - Creating a measurement which will ping v6.invalid.rov-check.nic.ad.jp from probes 234,12199,26804,50447,51663,1005888,1005891,1005892,1005893,1007621,1008990,1013906,1014289
2026-06-12 06:12:06 +0300 - [measure] - INFO - Probe 6983 with src addr 2610:a1:3058:252::254 sent 3 packets to v6.valid.rov-check.nic.ad.jp and got 0 replies
2026-06-12 06:12:06 +0300 - [measure] - INFO - Creating a measurement which will ping v6.valid.rov-check.nic.ad.jp from probes 1014213
2026-06-12 06:12:06 +0300 - [measure] - INFO - Measurement status for ping target v6.invalid.rov-check.nic.ad.jp from 7642 returned Stopped. Fetch the results.
2026-06-12 06:12:06 +0300 - [measure] - INFO - Measurement status for ping target v6.invalid.rov-check.nic.ad.jp from 6983 returned Stopped. Fetch the results.
2026-06-12 06:12:06 +0300 - [measure] - INFO - Probe 6983 with src addr 2610:a1:3058:252::254 sent 3 packets to v6.invalid.rov-check.nic.ad.jp and got 0 replies
2026-06-12 06:12:06 +0300 - [measure] - INFO - Creating a measurement which will ping v6.invalid.rov-check.nic.ad.jp from probes 1014213
2026-06-12 06:12:06 +0300 - [measure] - INFO - Measurement status for ping target v6.valid.rov-check.nic.ad.jp from 1009506 returned Stopped. Fetch the results.
2026-06-12 06:12:06 +0300 - [measure] - INFO - Probe 7642 with src addr 2a00:1633:90:10:: sent 3 packets to v6.invalid.rov-check.nic.ad.jp and got 3 replies
2026-06-12 06:12:06 +0300 - [measure] - INFO - Creating a measurement which will ping v6.valid.rov-check.nic.ad.jp from probes 1015337
2026-06-12 06:12:06 +0300 - [measure] - INFO - Probe 1009506 with src addr 2406:8c00:0:3408:133:18:201:167 sent 3 packets to v6.valid.rov-check.nic.ad.jp and got 3 replies
2026-06-12 06:12:06 +0300 - [measure] - INFO - Creating a measurement which will ping v6.invalid.rov-check.nic.ad.jp from probes 1015337
2026-06-12 06:12:06 +0300 - [measure] - INFO - Measurement status for ping target v6.invalid.rov-check.nic.ad.jp from 6455,1004049,1015719,1015720 returned Stopped. Fetch the results.
2026-06-12 06:12:06 +0300 - [measure] - INFO - Measurement status for ping target v6.valid.rov-check.nic.ad.jp from 1005742,1011375,1015960 returned Stopped. Fetch the results.
2026-06-12 06:12:06 +0300 - [measure] - INFO - Probe 1004049 with src addr 2001:19f0:7001:2686:5400:1ff:fedd:88be sent 3 packets to v6.invalid.rov-check.nic.ad.jp and got 0 replies
2026-06-12 06:12:06 +0300 - [measure] - INFO - Probe 1015719 with src addr 2401:c080:1000:28d6:5400:6ff:fe28:542a sent 3 packets to v6.invalid.rov-check.nic.ad.jp and got 0 replies
2026-06-12 06:12:06 +0300 - [measure] - INFO - Probe 1015720 with src addr 2401:c080:3800:35da:5400:6ff:fe28:5947 sent 3 packets to v6.invalid.rov-check.nic.ad.jp and got 0 replies
2026-06-12 06:12:06 +0300 - [measure] - INFO - Probe 6455 with src addr 2401:c080:1000:47a5:5400:1ff:fecd:3545 sent 3 packets to v6.invalid.rov-check.nic.ad.jp and got 0 replies
2026-06-12 06:12:06 +0300 - [measure] - INFO - Creating a measurement which will ping v6.valid.rov-check.nic.ad.jp from probes 32172,52158,61424
2026-06-12 06:12:06 +0300 - [measure] - INFO - Probe 1005742 with src addr 240b:4009:231:e632:b6bc:7edd:7665:ae9d sent 3 packets to v6.valid.rov-check.nic.ad.jp and got 3 replies
2026-06-12 06:12:06 +0300 - [measure] - INFO - Probe 1011375 with src addr 240b:4009:25a:1801:0:9ba6:3f04:81d6 sent 3 packets to v6.valid.rov-check.nic.ad.jp and got 3 replies
2026-06-12 06:12:06 +0300 - [measure] - INFO - Probe 1015960 with src addr 240b:4009:22b:4f00:e407:229b:94e1:22ae sent 3 packets to v6.valid.rov-check.nic.ad.jp and got 3 replies
2026-06-12 06:12:06 +0300 - [measure] - INFO - Creating a measurement which will ping v6.invalid.rov-check.nic.ad.jp from probes 32172,52158,61424
2026-06-12 06:12:07 +0300 - [measure] - INFO - Measurement status for ping target v6.invalid.rov-check.nic.ad.jp from 1014883 returned Stopped. Fetch the results.
2026-06-12 06:12:07 +0300 - [measure] - INFO - Measurement status for ping target v6.invalid.rov-check.nic.ad.jp from 1005742,1011375,1015960 returned Stopped. Fetch the results.
2026-06-12 06:12:07 +0300 - [measure] - INFO - Probe 1014883 with src addr 2001:3b0:22:b2d1:215:5dff:fe01:6701 sent 3 packets to v6.invalid.rov-check.nic.ad.jp and got 3 replies
2026-06-12 06:12:07 +0300 - [measure] - INFO - Creating a measurement which will ping v6.valid.rov-check.nic.ad.jp from probes 1002678,1003990,1003991,1004110,1011841,1012227,1012979
2026-06-12 06:12:07 +0300 - [measure] - INFO - Probe 1005742 with src addr 240b:4009:231:e632:b6bc:7edd:7665:ae9d sent 3 packets to v6.invalid.rov-check.nic.ad.jp and got 0 replies
2026-06-12 06:12:07 +0300 - [measure] - INFO - Probe 1011375 with src addr 240b:4009:25a:1801:0:9ba6:3f04:81d6 sent 3 packets to v6.invalid.rov-check.nic.ad.jp and got 0 replies
2026-06-12 06:12:07 +0300 - [measure] - INFO - Probe 1015960 with src addr 240b:4009:22b:4f00:e407:229b:94e1:22ae sent 3 packets to v6.invalid.rov-check.nic.ad.jp and got 0 replies
2026-06-12 06:12:07 +0300 - [measure] - INFO - Creating a measurement which will ping v6.invalid.rov-check.nic.ad.jp from probes 1002678,1003990,1003991,1004110,1011841,1012227,1012979
2026-06-12 06:12:09 +0300 - [measure] - INFO - Measurement status for ping target v6.valid.rov-check.nic.ad.jp from 7642 returned Stopped. Fetch the results.
2026-06-12 06:12:09 +0300 - [measure] - INFO - Measurement status for ping target v6.valid.rov-check.nic.ad.jp from 50385,55494,1007612,1009070 returned Stopped. Fetch the results.
2026-06-12 06:12:09 +0300 - [measure] - INFO - Probe 7642 with src addr 2a00:1633:90:10:: sent 3 packets to v6.valid.rov-check.nic.ad.jp and got 3 replies
2026-06-12 06:12:09 +0300 - [measure] - INFO - Creating a measurement which will ping v6.valid.rov-check.nic.ad.jp from probes 1003730
2026-06-12 06:12:09 +0300 - [measure] - INFO - Probe 1007612 with src addr 2001:ce8:130:2348:88ac:cc77:dfd8:33e1 sent 3 packets to v6.valid.rov-check.nic.ad.jp and got 0 replies
2026-06-12 06:12:09 +0300 - [measure] - INFO - Probe 1009070 with src addr 2001:ce8:147:f092:be24:11ff:fe89:5426 sent 3 packets to v6.valid.rov-check.nic.ad.jp and got 3 replies
2026-06-12 06:12:09 +0300 - [measure] - INFO - Probe 50385 with src addr 2001:ce8:137:e439:1:c3ff:fe76:1b6b sent 3 packets to v6.valid.rov-check.nic.ad.jp and got 3 replies
2026-06-12 06:12:09 +0300 - [measure] - INFO - Probe 55494 with src addr 2001:ce8:127:fc36:1:1dff:fe65:352b sent 3 packets to v6.valid.rov-check.nic.ad.jp and got 3 replies
2026-06-12 06:12:09 +0300 - [measure] - INFO - Creating a measurement which will ping v6.invalid.rov-check.nic.ad.jp from probes 1003730
2026-06-12 06:12:09 +0300 - [measure] - INFO - Measurement status for ping target v6.invalid.rov-check.nic.ad.jp from 1015099 returned Stopped. Fetch the results.
2026-06-12 06:12:10 +0300 - [measure] - INFO - Probe 1015099 with src addr 2607:fa98:4000::10 sent 3 packets to v6.invalid.rov-check.nic.ad.jp and got 0 replies
2026-06-12 06:12:10 +0300 - [measure] - INFO - Creating a measurement which will ping v6.valid.rov-check.nic.ad.jp from probes 7557
2026-06-12 06:12:10 +0300 - [measure] - INFO - Measurement status for ping target v6.valid.rov-check.nic.ad.jp from 1015099 returned Stopped. Fetch the results.
2026-06-12 06:12:10 +0300 - [measure] - INFO - Measurement status for ping target v6.invalid.rov-check.nic.ad.jp from 50385,55494,1007612,1009070 returned Stopped. Fetch the results.
2026-06-12 06:12:10 +0300 - [measure] - INFO - Measurement status for ping target v6.invalid.rov-check.nic.ad.jp from 1009506 returned Stopped. Fetch the results.
2026-06-12 06:12:10 +0300 - [measure] - INFO - Probe 1015099 with src addr 2607:fa98:4000::10 sent 3 packets to v6.valid.rov-check.nic.ad.jp and got 3 replies
2026-06-12 06:12:10 +0300 - [measure] - INFO - Creating a measurement which will ping v6.invalid.rov-check.nic.ad.jp from probes 7557
2026-06-12 06:12:10 +0300 - [measure] - INFO - Probe 1007612 with src addr 2001:ce8:130:2348:88ac:cc77:dfd8:33e1 sent 3 packets to v6.invalid.rov-check.nic.ad.jp and got 0 replies
2026-06-12 06:12:10 +0300 - [measure] - INFO - Probe 1009070 with src addr 2001:ce8:147:f092:be24:11ff:fe89:5426 sent 3 packets to v6.invalid.rov-check.nic.ad.jp and got 3 replies
2026-06-12 06:12:10 +0300 - [measure] - INFO - Probe 50385 with src addr 2001:ce8:137:e439:1:c3ff:fe76:1b6b sent 3 packets to v6.invalid.rov-check.nic.ad.jp and got 3 replies
2026-06-12 06:12:10 +0300 - [measure] - INFO - Probe 55494 with src addr 2001:ce8:127:fc36:1:1dff:fe65:352b sent 3 packets to v6.invalid.rov-check.nic.ad.jp and got 3 replies
2026-06-12 06:12:10 +0300 - [measure] - INFO - Creating a measurement which will ping v6.valid.rov-check.nic.ad.jp from probes 1006002
2026-06-12 06:12:10 +0300 - [measure] - INFO - Probe 1009506 with src addr 2406:8c00:0:3408:133:18:201:167 sent 3 packets to v6.invalid.rov-check.nic.ad.jp and got 3 replies
2026-06-12 06:12:10 +0300 - [measure] - INFO - Creating a measurement which will ping v6.invalid.rov-check.nic.ad.jp from probes 1006002
2026-06-12 06:20:06 +0300 - [measure] - WARNING - Measurement status for ping target v6.invalid.rov-check.nic.ad.jp from 1006002 returned Failed. Skipping results fetch.
2026-06-12 06:20:06 +0300 - [measure] - INFO - Creating a measurement which will ping v6.valid.rov-check.nic.ad.jp from probes 7433,1009516
2026-06-12 06:20:06 +0300 - [measure] - INFO - Measurement status for ping target v6.invalid.rov-check.nic.ad.jp from 2299,7560,7563 returned Stopped. Fetch the results.
2026-06-12 06:20:06 +0300 - [measure] - INFO - Probe 7560 with src addr 2001:df6:a680:2006:103:167:46:8 sent 3 packets to v6.invalid.rov-check.nic.ad.jp and got 0 replies
2026-06-12 06:20:06 +0300 - [measure] - INFO - Probe 7563 with src addr 2001:df6:a680:1014:103:167:46:71 sent 3 packets to v6.invalid.rov-check.nic.ad.jp and got 0 replies
2026-06-12 06:20:06 +0300 - [measure] - INFO - Creating a measurement which will ping v6.invalid.rov-check.nic.ad.jp from probes 7433,1009516
2026-06-12 06:20:06 +0300 - [measure] - INFO - Measurement status for ping target v6.valid.rov-check.nic.ad.jp from 1012750 returned Stopped. Fetch the results.
2026-06-12 06:20:06 +0300 - [measure] - INFO - Measurement status for ping target v6.valid.rov-check.nic.ad.jp from 1015337 returned Stopped. Fetch the results.
2026-06-12 06:20:06 +0300 - [measure] - INFO - Measurement status for ping target v6.invalid.rov-check.nic.ad.jp from 234,12199,26804,50447,51663,1005888,1005891,1005892,1005893,1007621,1008990,1013906,1014289 returned Stopped. Fetch the results.
2026-06-12 06:20:07 +0300 - [measure] - INFO - Probe 1012750 with src addr 2602:feda:60::a sent 3 packets to v6.valid.rov-check.nic.ad.jp and got 3 replies
2026-06-12 06:20:07 +0300 - [measure] - INFO - Creating a measurement which will ping v6.valid.rov-check.nic.ad.jp from probes 6974
2026-06-12 06:20:07 +0300 - [measure] - INFO - Probe 1015337 with src addr 2607:8700:3400:e9c8::2 sent 3 packets to v6.valid.rov-check.nic.ad.jp and got 3 replies
2026-06-12 06:20:07 +0300 - [measure] - INFO - Creating a measurement which will ping v6.invalid.rov-check.nic.ad.jp from probes 6974
2026-06-12 06:20:07 +0300 - [measure] - INFO - Probe 1005888 with src addr 2409:11:8820:90f::1 sent 3 packets to v6.invalid.rov-check.nic.ad.jp and got 3 replies
2026-06-12 06:20:07 +0300 - [measure] - INFO - Probe 1007621 with src addr 2409:10:8a40:2500:be24:11ff:fec6:7e79 sent 3 packets to v6.invalid.rov-check.nic.ad.jp and got 3 replies
2026-06-12 06:20:07 +0300 - [measure] - INFO - Probe 1008990 with src addr 2409:10:f00:c101:fe6b:ab7e:e8e3:5a9e sent 3 packets to v6.invalid.rov-check.nic.ad.jp and got 3 replies
2026-06-12 06:20:07 +0300 - [measure] - INFO - Probe 1013906 with src addr 2409:10:9960:1700:a00:27ff:fe9d:8025 sent 3 packets to v6.invalid.rov-check.nic.ad.jp and got 3 replies
2026-06-12 06:20:07 +0300 - [measure] - INFO - Probe 1014289 with src addr 2409:13:d060:8300:410e:a1a5:ffff:1 sent 3 packets to v6.invalid.rov-check.nic.ad.jp and got 3 replies
2026-06-12 06:20:07 +0300 - [measure] - INFO - Probe 12199 with src addr 2409:11:ada0:6600:fa1a:67ff:fe4d:7f82 sent 3 packets to v6.invalid.rov-check.nic.ad.jp and got 3 replies
2026-06-12 06:20:07 +0300 - [measure] - INFO - Probe 26804 with src addr 2409:10:8ea0:f0:16cc:20ff:fe48:cf2a sent 3 packets to v6.invalid.rov-check.nic.ad.jp and got 3 replies
2026-06-12 06:20:07 +0300 - [measure] - INFO - Probe 50447 with src addr 2409:11:8520:7c00:1:deff:feff:d033 sent 3 packets to v6.invalid.rov-check.nic.ad.jp and got 3 replies
2026-06-12 06:20:07 +0300 - [measure] - INFO - Probe 51663 with src addr 2409:10:bae0:1000:1:79ff:fe29:e11d sent 3 packets to v6.invalid.rov-check.nic.ad.jp and got 3 replies
2026-06-12 06:20:07 +0300 - [measure] - INFO - Creating a measurement which will ping v6.valid.rov-check.nic.ad.jp from probes 6370,28820
2026-06-12 06:20:07 +0300 - [measure] - INFO - Measurement status for ping target v6.invalid.rov-check.nic.ad.jp from 1012750 returned Stopped. Fetch the results.
2026-06-12 06:20:07 +0300 - [measure] - INFO - Probe 1012750 with src addr 2602:feda:60::a sent 3 packets to v6.invalid.rov-check.nic.ad.jp and got 0 replies
2026-06-12 06:20:07 +0300 - [measure] - INFO - Creating a measurement which will ping v6.invalid.rov-check.nic.ad.jp from probes 6370,28820
2026-06-12 06:20:07 +0300 - [measure] - INFO - Measurement status for ping target v6.invalid.rov-check.nic.ad.jp from 32172,52158,61424 returned Stopped. Fetch the results.
2026-06-12 06:20:07 +0300 - [measure] - INFO - Probe 32172 with src addr 2409:251:1680:1f0:d66e:eff:fe23:5d3c sent 3 packets to v6.invalid.rov-check.nic.ad.jp and got 3 replies
2026-06-12 06:20:07 +0300 - [measure] - INFO - Probe 52158 with src addr 2409:250:3fe0:f600:1:62ff:fed8:c846 sent 3 packets to v6.invalid.rov-check.nic.ad.jp and got 3 replies
2026-06-12 06:20:07 +0300 - [measure] - INFO - Probe 61424 with src addr 2409:253:53c0:700:da58:d7ff:fe03:d1 sent 3 packets to v6.invalid.rov-check.nic.ad.jp and got 3 replies
2026-06-12 06:20:07 +0300 - [measure] - INFO - Creating a measurement which will ping v6.valid.rov-check.nic.ad.jp from probes 13821
2026-06-12 06:20:07 +0300 - [measure] - INFO - Measurement status for ping target v6.invalid.rov-check.nic.ad.jp from 1002678,1003990,1003991,1004110,1011841,1012227,1012979 returned Stopped. Fetch the results.
2026-06-12 06:20:07 +0300 - [measure] - INFO - Measurement status for ping target v6.invalid.rov-check.nic.ad.jp from 1014213 returned Stopped. Fetch the results.
2026-06-12 06:20:07 +0300 - [measure] - INFO - Measurement status for ping target v6.valid.rov-check.nic.ad.jp from 2299,7560,7563 returned Stopped. Fetch the results.
2026-06-12 06:20:07 +0300 - [measure] - INFO - Measurement status for ping target v6.invalid.rov-check.nic.ad.jp from 1015337 returned Stopped. Fetch the results.
2026-06-12 06:20:07 +0300 - [measure] - INFO - Probe 1002678 with src addr 2603:c023:2:e306:d29b:1e1d:bcd5:423 sent 3 packets to v6.invalid.rov-check.nic.ad.jp and got 3 replies
2026-06-12 06:20:07 +0300 - [measure] - INFO - Probe 1003990 with src addr 2603:c021:8002:3501:cc82:2dcb:ffd8:c7e6 sent 3 packets to v6.invalid.rov-check.nic.ad.jp and got 3 replies
2026-06-12 06:20:07 +0300 - [measure] - INFO - Probe 1003991 with src addr 2603:c023:3:8900:b019:1ea4:e35f:2ea6 sent 3 packets to v6.invalid.rov-check.nic.ad.jp and got 3 replies
2026-06-12 06:20:07 +0300 - [measure] - INFO - Probe 1004110 with src addr 2603:c021:800b:1201::8000 sent 3 packets to v6.invalid.rov-check.nic.ad.jp and got 3 replies
2026-06-12 06:20:07 +0300 - [measure] - INFO - Probe 1011841 with src addr 2603:c021:8000:c908:0:66d8:cca9:5837 sent 3 packets to v6.invalid.rov-check.nic.ad.jp and got 3 replies
2026-06-12 06:20:07 +0300 - [measure] - INFO - Probe 1012979 with src addr 2603:c021:800c:3202::22 sent 3 packets to v6.invalid.rov-check.nic.ad.jp and got 3 replies
2026-06-12 06:20:07 +0300 - [measure] - INFO - Creating a measurement which will ping v6.invalid.rov-check.nic.ad.jp from probes 13821
2026-06-12 06:20:07 +0300 - [measure] - INFO - Probe 1014213 with src addr 2001:49f0:d0d9:11:be24:11ff:feab:70c9 sent 3 packets to v6.invalid.rov-check.nic.ad.jp and got 3 replies
2026-06-12 06:20:07 +0300 - [measure] - INFO - Creating a measurement which will ping v6.valid.rov-check.nic.ad.jp from probes 30306,31111
2026-06-12 06:20:08 +0300 - [measure] - INFO - Probe 7560 with src addr 2001:df6:a680:2006:103:167:46:8 sent 3 packets to v6.valid.rov-check.nic.ad.jp and got 3 replies
2026-06-12 06:20:08 +0300 - [measure] - INFO - Probe 7563 with src addr 2001:df6:a680:1014:103:167:46:71 sent 3 packets to v6.valid.rov-check.nic.ad.jp and got 3 replies
2026-06-12 06:20:08 +0300 - [measure] - INFO - Creating a measurement which will ping v6.invalid.rov-check.nic.ad.jp from probes 30306,31111
2026-06-12 06:20:08 +0300 - [measure] - INFO - Probe 1015337 with src addr 2607:8700:3400:e9c8::2 sent 3 packets to v6.invalid.rov-check.nic.ad.jp and got 0 replies
2026-06-12 06:20:08 +0300 - [measure] - INFO - Creating a measurement which will ping v6.valid.rov-check.nic.ad.jp from probes 1010148
2026-06-12 06:20:08 +0300 - [measure] - INFO - Measurement status for ping target v6.valid.rov-check.nic.ad.jp from 32172,52158,61424 returned Stopped. Fetch the results.
2026-06-12 06:20:08 +0300 - [measure] - INFO - Probe 32172 with src addr 2409:251:1680:1f0:d66e:eff:fe23:5d3c sent 3 packets to v6.valid.rov-check.nic.ad.jp and got 3 replies
2026-06-12 06:20:08 +0300 - [measure] - INFO - Probe 52158 with src addr 2409:250:3fe0:f600:1:62ff:fed8:c846 sent 3 packets to v6.valid.rov-check.nic.ad.jp and got 3 replies
2026-06-12 06:20:08 +0300 - [measure] - INFO - Probe 61424 with src addr 2409:253:53c0:700:da58:d7ff:fe03:d1 sent 3 packets to v6.valid.rov-check.nic.ad.jp and got 3 replies
2026-06-12 06:20:08 +0300 - [measure] - INFO - Creating a measurement which will ping v6.invalid.rov-check.nic.ad.jp from probes 1010148
2026-06-12 06:20:09 +0300 - [measure] - INFO - Measurement status for ping target v6.valid.rov-check.nic.ad.jp from 1002678,1003990,1003991,1004110,1011841,1012227,1012979 returned Stopped. Fetch the results.
2026-06-12 06:20:09 +0300 - [measure] - INFO - Measurement status for ping target v6.valid.rov-check.nic.ad.jp from 1003730 returned Stopped. Fetch the results.
2026-06-12 06:20:09 +0300 - [measure] - INFO - Measurement status for ping target v6.invalid.rov-check.nic.ad.jp from 1003730 returned Stopped. Fetch the results.
2026-06-12 06:20:09 +0300 - [measure] - INFO - Probe 1002678 with src addr 2603:c023:2:e306:d29b:1e1d:bcd5:423 sent 3 packets to v6.valid.rov-check.nic.ad.jp and got 3 replies
2026-06-12 06:20:09 +0300 - [measure] - INFO - Probe 1003990 with src addr 2603:c021:8002:3501:cc82:2dcb:ffd8:c7e6 sent 3 packets to v6.valid.rov-check.nic.ad.jp and got 3 replies
2026-06-12 06:20:09 +0300 - [measure] - INFO - Probe 1003991 with src addr 2603:c023:3:8900:b019:1ea4:e35f:2ea6 sent 3 packets to v6.valid.rov-check.nic.ad.jp and got 3 replies
2026-06-12 06:20:09 +0300 - [measure] - INFO - Probe 1004110 with src addr 2603:c021:800b:1201::8000 sent 3 packets to v6.valid.rov-check.nic.ad.jp and got 3 replies
2026-06-12 06:20:09 +0300 - [measure] - INFO - Probe 1011841 with src addr 2603:c021:8000:c908:0:66d8:cca9:5837 sent 3 packets to v6.valid.rov-check.nic.ad.jp and got 3 replies
2026-06-12 06:20:09 +0300 - [measure] - INFO - Probe 1012979 with src addr 2603:c021:800c:3202::22 sent 3 packets to v6.valid.rov-check.nic.ad.jp and got 3 replies
2026-06-12 06:20:09 +0300 - [measure] - INFO - Creating a measurement which will ping v6.valid.rov-check.nic.ad.jp from probes 1014430
2026-06-12 06:20:09 +0300 - [measure] - INFO - Probe 1003730 with src addr 2405:5340::44 sent 3 packets to v6.valid.rov-check.nic.ad.jp and got 3 replies
2026-06-12 06:20:09 +0300 - [measure] - INFO - Creating a measurement which will ping v6.invalid.rov-check.nic.ad.jp from probes 1014430
2026-06-12 06:20:09 +0300 - [measure] - INFO - Probe 1003730 with src addr 2405:5340::44 sent 3 packets to v6.invalid.rov-check.nic.ad.jp and got 0 replies
2026-06-12 06:20:09 +0300 - [measure] - INFO - Creating a measurement which will ping v6.valid.rov-check.nic.ad.jp from probes 1012863,1013732
2026-06-12 06:20:09 +0300 - [measure] - INFO - Measurement status for ping target v6.valid.rov-check.nic.ad.jp from 7557 returned Stopped. Fetch the results.
2026-06-12 06:20:09 +0300 - [measure] - INFO - Measurement status for ping target v6.invalid.rov-check.nic.ad.jp from 7557 returned Stopped. Fetch the results.
2026-06-12 06:20:10 +0300 - [measure] - INFO - Probe 7557 with src addr 2401:7640:4002:4::60 sent 3 packets to v6.valid.rov-check.nic.ad.jp and got 3 replies
2026-06-12 06:20:10 +0300 - [measure] - INFO - Creating a measurement which will ping v6.invalid.rov-check.nic.ad.jp from probes 1012863,1013732
2026-06-12 06:20:10 +0300 - [measure] - WARNING - Measurement status for ping target v6.valid.rov-check.nic.ad.jp from 1006002 returned Failed. Skipping results fetch.
2026-06-12 06:20:10 +0300 - [measure] - INFO - Creating a measurement which will ping v6.valid.rov-check.nic.ad.jp from probes 7039
2026-06-12 06:20:10 +0300 - [measure] - INFO - Probe 7557 with src addr 2401:7640:4002:4::60 sent 3 packets to v6.invalid.rov-check.nic.ad.jp and got 0 replies
2026-06-12 06:20:10 +0300 - [measure] - INFO - Creating a measurement which will ping v6.invalid.rov-check.nic.ad.jp from probes 7039
2026-06-12 06:20:11 +0300 - [measure] - INFO - Measurement status for ping target v6.valid.rov-check.nic.ad.jp from 234,12199,26804,50447,51663,1005888,1005891,1005892,1005893,1007621,1008990,1013906,1014289 returned Stopped. Fetch the results.
2026-06-12 06:20:11 +0300 - [measure] - INFO - Probe 1005888 with src addr 2409:11:8820:90f::1 sent 3 packets to v6.valid.rov-check.nic.ad.jp and got 3 replies
2026-06-12 06:20:11 +0300 - [measure] - INFO - Probe 1007621 with src addr 2409:10:8a40:2500:be24:11ff:fec6:7e79 sent 3 packets to v6.valid.rov-check.nic.ad.jp and got 3 replies
2026-06-12 06:20:11 +0300 - [measure] - INFO - Probe 1008990 with src addr 2409:10:f00:c101:fe6b:ab7e:e8e3:5a9e sent 3 packets to v6.valid.rov-check.nic.ad.jp and got 3 replies
2026-06-12 06:20:11 +0300 - [measure] - INFO - Probe 1013906 with src addr 2409:10:9960:1700:a00:27ff:fe9d:8025 sent 3 packets to v6.valid.rov-check.nic.ad.jp and got 3 replies
2026-06-12 06:20:11 +0300 - [measure] - INFO - Probe 1014289 with src addr 2409:13:d060:8300:410e:a1a5:ffff:1 sent 3 packets to v6.valid.rov-check.nic.ad.jp and got 3 replies
2026-06-12 06:20:11 +0300 - [measure] - INFO - Probe 12199 with src addr 2409:11:ada0:6600:fa1a:67ff:fe4d:7f82 sent 3 packets to v6.valid.rov-check.nic.ad.jp and got 3 replies
2026-06-12 06:20:11 +0300 - [measure] - INFO - Probe 26804 with src addr 2409:10:8ea0:f0:16cc:20ff:fe48:cf2a sent 3 packets to v6.valid.rov-check.nic.ad.jp and got 3 replies
2026-06-12 06:20:11 +0300 - [measure] - INFO - Probe 50447 with src addr 2409:11:8520:7c00:1:deff:feff:d033 sent 3 packets to v6.valid.rov-check.nic.ad.jp and got 3 replies
2026-06-12 06:20:11 +0300 - [measure] - INFO - Probe 51663 with src addr 2409:10:bae0:1000:1:79ff:fe29:e11d sent 3 packets to v6.valid.rov-check.nic.ad.jp and got 3 replies
2026-06-12 06:20:11 +0300 - [measure] - INFO - Creating a measurement which will ping v6.valid.rov-check.nic.ad.jp from probes 1010359,1010361
2026-06-12 06:20:11 +0300 - [measure] - INFO - Measurement status for ping target v6.valid.rov-check.nic.ad.jp from 1014213 returned Stopped. Fetch the results.
2026-06-12 06:20:12 +0300 - [measure] - INFO - Probe 1014213 with src addr 2001:49f0:d0d9:11:be24:11ff:feab:70c9 sent 3 packets to v6.valid.rov-check.nic.ad.jp and got 3 replies
2026-06-12 06:20:12 +0300 - [measure] - INFO - Creating a measurement which will ping v6.invalid.rov-check.nic.ad.jp from probes 1010359,1010361
2026-06-12 06:28:05 +0300 - [measure] - INFO - Measurement status for ping target v6.valid.rov-check.nic.ad.jp from 1010359,1010361 returned Stopped. Fetch the results.
2026-06-12 06:28:06 +0300 - [measure] - INFO - Probe 1010359 with src addr 2407:9900::1 sent 3 packets to v6.valid.rov-check.nic.ad.jp and got 3 replies
2026-06-12 06:28:06 +0300 - [measure] - INFO - Probe 1010361 with src addr 2407:9900:2000::1 sent 3 packets to v6.valid.rov-check.nic.ad.jp and got 3 replies
2026-06-12 06:28:06 +0300 - [measure] - INFO - Creating a measurement which will ping v6.valid.rov-check.nic.ad.jp from probes 1015699
2026-06-12 06:28:06 +0300 - [measure] - INFO - Measurement status for ping target v6.invalid.rov-check.nic.ad.jp from 1012863,1013732 returned Stopped. Fetch the results.
2026-06-12 06:28:06 +0300 - [measure] - INFO - Probe 1012863 with src addr 2400:d320:3008:208::1 sent 3 packets to v6.invalid.rov-check.nic.ad.jp and got 0 replies
2026-06-12 06:28:06 +0300 - [measure] - INFO - Probe 1013732 with src addr 2400:d320:3015:5738::1 sent 3 packets to v6.invalid.rov-check.nic.ad.jp and got 0 replies
2026-06-12 06:28:06 +0300 - [measure] - INFO - Creating a measurement which will ping v6.invalid.rov-check.nic.ad.jp from probes 1015699
2026-06-12 06:28:06 +0300 - [measure] - INFO - Measurement status for ping target v6.valid.rov-check.nic.ad.jp from 7039 returned Stopped. Fetch the results.
2026-06-12 06:28:06 +0300 - [measure] - INFO - Probe 7039 with src addr 2407:b9c0:1:16:5054:ff:fe67:4256 sent 3 packets to v6.valid.rov-check.nic.ad.jp and got 3 replies
2026-06-12 06:28:06 +0300 - [measure] - INFO - Creating a measurement which will ping v6.valid.rov-check.nic.ad.jp from probes 1015744,1015752
2026-06-12 06:28:07 +0300 - [measure] - INFO - Measurement status for ping target v6.invalid.rov-check.nic.ad.jp from 6370,28820 returned Stopped. Fetch the results.
2026-06-12 06:28:07 +0300 - [measure] - INFO - Probe 28820 with src addr 2403:bd80:c002:1321:f6f2:6dff:fe5d:c80a sent 3 packets to v6.invalid.rov-check.nic.ad.jp and got 0 replies
2026-06-12 06:28:07 +0300 - [measure] - INFO - Probe 6370 with src addr 2403:bd80:c001:1:103:202:216:76 sent 3 packets to v6.invalid.rov-check.nic.ad.jp and got 0 replies
2026-06-12 06:28:07 +0300 - [measure] - INFO - Creating a measurement which will ping v6.invalid.rov-check.nic.ad.jp from probes 1015744,1015752
2026-06-12 06:28:07 +0300 - [measure] - INFO - Measurement status for ping target v6.valid.rov-check.nic.ad.jp from 6370,28820 returned Stopped. Fetch the results.
2026-06-12 06:28:07 +0300 - [measure] - INFO - Measurement status for ping target v6.invalid.rov-check.nic.ad.jp from 1010359,1010361 returned Stopped. Fetch the results.
2026-06-12 06:28:07 +0300 - [measure] - INFO - Measurement status for ping target v6.valid.rov-check.nic.ad.jp from 7433,1009516 returned Stopped. Fetch the results.
2026-06-12 06:28:07 +0300 - [measure] - INFO - Measurement status for ping target v6.invalid.rov-check.nic.ad.jp from 7433,1009516 returned Stopped. Fetch the results.
2026-06-12 06:28:07 +0300 - [measure] - INFO - Probe 28820 with src addr 2403:bd80:c002:1321:f6f2:6dff:fe5d:c80a sent 3 packets to v6.valid.rov-check.nic.ad.jp and got 3 replies
2026-06-12 06:28:07 +0300 - [measure] - INFO - Probe 6370 with src addr 2403:bd80:c001:1:103:202:216:76 sent 3 packets to v6.valid.rov-check.nic.ad.jp and got 3 replies
2026-06-12 06:28:07 +0300 - [measure] - INFO - Creating a measurement which will ping v6.valid.rov-check.nic.ad.jp from probes 65595
2026-06-12 06:28:07 +0300 - [measure] - INFO - Measurement status for ping target v6.valid.rov-check.nic.ad.jp from 6974 returned Stopped. Fetch the results.
2026-06-12 06:28:07 +0300 - [measure] - INFO - Probe 1010359 with src addr 2407:9900::1 sent 3 packets to v6.invalid.rov-check.nic.ad.jp and got 3 replies
2026-06-12 06:28:07 +0300 - [measure] - INFO - Probe 1010361 with src addr 2407:9900:2000::1 sent 3 packets to v6.invalid.rov-check.nic.ad.jp and got 3 replies
2026-06-12 06:28:07 +0300 - [measure] - INFO - Creating a measurement which will ping v6.invalid.rov-check.nic.ad.jp from probes 65595
2026-06-12 06:28:07 +0300 - [measure] - INFO - Probe 1009516 with src addr 2402:3160:1ee:51::1 sent 3 packets to v6.invalid.rov-check.nic.ad.jp and got 0 replies
2026-06-12 06:28:07 +0300 - [measure] - INFO - Probe 7433 with src addr 2402:3160:1ee:52::1111 sent 3 packets to v6.invalid.rov-check.nic.ad.jp and got 0 replies
2026-06-12 06:28:07 +0300 - [measure] - INFO - Creating a measurement which will ping v6.valid.rov-check.nic.ad.jp from probes 1002023,1011387
2026-06-12 06:28:07 +0300 - [measure] - INFO - Probe 1009516 with src addr 2402:3160:1ee:51::1 sent 3 packets to v6.valid.rov-check.nic.ad.jp and got 3 replies
2026-06-12 06:28:07 +0300 - [measure] - INFO - Probe 7433 with src addr 2402:3160:1ee:52::1111 sent 3 packets to v6.valid.rov-check.nic.ad.jp and got 3 replies
2026-06-12 06:28:07 +0300 - [measure] - INFO - Creating a measurement which will ping v6.invalid.rov-check.nic.ad.jp from probes 1002023,1011387
2026-06-12 06:28:07 +0300 - [measure] - INFO - Measurement status for ping target v6.valid.rov-check.nic.ad.jp from 1010148 returned Stopped. Fetch the results.
2026-06-12 06:28:08 +0300 - [measure] - INFO - Measurement status for ping target v6.invalid.rov-check.nic.ad.jp from 6974 returned Stopped. Fetch the results.
2026-06-12 06:28:08 +0300 - [measure] - INFO - Probe 6974 with src addr 2406:2600:4:ff02::2 sent 3 packets to v6.valid.rov-check.nic.ad.jp and got 3 replies
2026-06-12 06:28:08 +0300 - [measure] - INFO - Creating a measurement which will ping v6.valid.rov-check.nic.ad.jp from probes 7663
2026-06-12 06:28:08 +0300 - [measure] - INFO - Probe 1010148 with src addr 2a02:6ea0:d32f::f534:5de4 sent 3 packets to v6.valid.rov-check.nic.ad.jp and got 3 replies
2026-06-12 06:28:08 +0300 - [measure] - INFO - Creating a measurement which will ping v6.invalid.rov-check.nic.ad.jp from probes 7663
2026-06-12 06:28:08 +0300 - [measure] - INFO - Measurement status for ping target v6.valid.rov-check.nic.ad.jp from 30306,31111 returned Stopped. Fetch the results.
2026-06-12 06:28:08 +0300 - [measure] - INFO - Measurement status for ping target v6.valid.rov-check.nic.ad.jp from 13821 returned Stopped. Fetch the results.
2026-06-12 06:28:08 +0300 - [measure] - INFO - Probe 6974 with src addr 2406:2600:4:ff02::2 sent 3 packets to v6.invalid.rov-check.nic.ad.jp and got 3 replies
2026-06-12 06:28:08 +0300 - [measure] - INFO - Creating a measurement which will ping v6.valid.rov-check.nic.ad.jp from probes 1003895,1005590,1010887,1014409,1014410,1014411,1014412
2026-06-12 06:28:08 +0300 - [measure] - INFO - Measurement status for ping target v6.invalid.rov-check.nic.ad.jp from 13821 returned Stopped. Fetch the results.
2026-06-12 06:28:08 +0300 - [measure] - INFO - Measurement status for ping target v6.invalid.rov-check.nic.ad.jp from 30306,31111 returned Stopped. Fetch the results.
2026-06-12 06:28:08 +0300 - [measure] - INFO - Probe 30306 with src addr 2001:df0:8500:a7ff:a62b:b0ff:fee0:7be sent 3 packets to v6.valid.rov-check.nic.ad.jp and got 3 replies
2026-06-12 06:28:08 +0300 - [measure] - INFO - Probe 31111 with src addr 2001:df0:8500:2f:a62b:b0ff:fef1:63f6 sent 3 packets to v6.valid.rov-check.nic.ad.jp and got 3 replies
2026-06-12 06:28:08 +0300 - [measure] - INFO - Creating a measurement which will ping v6.invalid.rov-check.nic.ad.jp from probes 1003895,1005590,1010887,1014409,1014410,1014411,1014412
2026-06-12 06:28:08 +0300 - [measure] - INFO - Probe 13821 with src addr 2401:98a0::157:66:181:6 sent 3 packets to v6.valid.rov-check.nic.ad.jp and got 3 replies
2026-06-12 06:28:08 +0300 - [measure] - INFO - Creating a measurement which will ping v6.valid.rov-check.nic.ad.jp from probes 1006609
2026-06-12 06:28:08 +0300 - [measure] - INFO - Probe 13821 with src addr 2401:98a0::157:66:181:6 sent 3 packets to v6.invalid.rov-check.nic.ad.jp and got 3 replies
2026-06-12 06:28:08 +0300 - [measure] - INFO - Creating a measurement which will ping v6.invalid.rov-check.nic.ad.jp from probes 1006609
2026-06-12 06:28:08 +0300 - [measure] - INFO - Probe 30306 with src addr 2001:df0:8500:a7ff:a62b:b0ff:fee0:7be sent 3 packets to v6.invalid.rov-check.nic.ad.jp and got 0 replies
2026-06-12 06:28:08 +0300 - [measure] - INFO - Probe 31111 with src addr 2001:df0:8500:2f:a62b:b0ff:fef1:63f6 sent 3 packets to v6.invalid.rov-check.nic.ad.jp and got 0 replies
2026-06-12 06:28:08 +0300 - [measure] - INFO - Creating a measurement which will ping v6.valid.rov-check.nic.ad.jp from probes 1001323
2026-06-12 06:28:08 +0300 - [measure] - INFO - Measurement status for ping target v6.invalid.rov-check.nic.ad.jp from 1010148 returned Stopped. Fetch the results.
2026-06-12 06:28:08 +0300 - [measure] - INFO - Probe 1010148 with src addr 2a02:6ea0:d32f::f534:5de4 sent 3 packets to v6.invalid.rov-check.nic.ad.jp and got 3 replies
2026-06-12 06:28:08 +0300 - [measure] - INFO - Creating a measurement which will ping v6.invalid.rov-check.nic.ad.jp from probes 1001323
2026-06-12 06:28:09 +0300 - [measure] - INFO - Measurement status for ping target v6.invalid.rov-check.nic.ad.jp from 1014430 returned Stopped. Fetch the results.
2026-06-12 06:28:10 +0300 - [measure] - INFO - Probe 1014430 with src addr 2602:fa4f:a30:52b9:ca88:abc5:efcf:e71 sent 3 packets to v6.invalid.rov-check.nic.ad.jp and got 0 replies
2026-06-12 06:28:10 +0300 - [measure] - INFO - Creating a measurement which will ping v6.valid.rov-check.nic.ad.jp from probes 1011110
2026-06-12 06:28:10 +0300 - [measure] - INFO - Measurement status for ping target v6.valid.rov-check.nic.ad.jp from 1014430 returned Stopped. Fetch the results.
2026-06-12 06:28:10 +0300 - [measure] - INFO - Measurement status for ping target v6.invalid.rov-check.nic.ad.jp from 7039 returned Stopped. Fetch the results.
2026-06-12 06:28:10 +0300 - [measure] - INFO - Probe 1014430 with src addr 2602:fa4f:a30:52b9:ca88:abc5:efcf:e71 sent 3 packets to v6.valid.rov-check.nic.ad.jp and got 3 replies
2026-06-12 06:28:10 +0300 - [measure] - INFO - Creating a measurement which will ping v6.invalid.rov-check.nic.ad.jp from probes 1011110
2026-06-12 06:28:10 +0300 - [measure] - INFO - Measurement status for ping target v6.valid.rov-check.nic.ad.jp from 1012863,1013732 returned Stopped. Fetch the results.
2026-06-12 06:28:10 +0300 - [measure] - INFO - Probe 7039 with src addr 2407:b9c0:1:16:5054:ff:fe67:4256 sent 3 packets to v6.invalid.rov-check.nic.ad.jp and got 3 replies
2026-06-12 06:28:10 +0300 - [measure] - INFO - Creating a measurement which will ping v6.valid.rov-check.nic.ad.jp from probes 1013167
2026-06-12 06:28:10 +0300 - [measure] - INFO - Probe 1012863 with src addr 2400:d320:3008:208::1 sent 3 packets to v6.valid.rov-check.nic.ad.jp and got 3 replies
2026-06-12 06:28:10 +0300 - [measure] - INFO - Probe 1013732 with src addr 2400:d320:3015:5738::1 sent 3 packets to v6.valid.rov-check.nic.ad.jp and got 3 replies
2026-06-12 06:28:10 +0300 - [measure] - INFO - Creating a measurement which will ping v6.invalid.rov-check.nic.ad.jp from probes 1013167
2026-06-12 06:36:04 +0300 - [measure] - INFO - Measurement status for ping target v6.valid.rov-check.nic.ad.jp from 1003895,1005590,1010887,1014409,1014410,1014411,1014412 returned Stopped. Fetch the results.
2026-06-12 06:36:04 +0300 - [measure] - INFO - Measurement status for ping target v6.valid.rov-check.nic.ad.jp from 1011110 returned Stopped. Fetch the results.
2026-06-12 06:36:04 +0300 - [measure] - INFO - Probe 1003895 with src addr 2400:8902::f03c:93ff:fe91:b110 sent 3 packets to v6.valid.rov-check.nic.ad.jp and got 3 replies
2026-06-12 06:36:04 +0300 - [measure] - INFO - Probe 1005590 with src addr 2400:8902::f03c:93ff:fe59:d286 sent 3 packets to v6.valid.rov-check.nic.ad.jp and got 3 replies
2026-06-12 06:36:04 +0300 - [measure] - INFO - Probe 1010887 with src addr 2400:8902::f03c:93ff:fe35:3341 sent 3 packets to v6.valid.rov-check.nic.ad.jp and got 3 replies
2026-06-12 06:36:04 +0300 - [measure] - INFO - Probe 1014409 with src addr 2600:3c18::2000:6cff:fefc:1e43 sent 3 packets to v6.valid.rov-check.nic.ad.jp and got 3 replies
2026-06-12 06:36:04 +0300 - [measure] - INFO - Probe 1014410 with src addr 2600:3c18::f03c:95ff:fe69:2073 sent 3 packets to v6.valid.rov-check.nic.ad.jp and got 3 replies
2026-06-12 06:36:04 +0300 - [measure] - INFO - Probe 1014411 with src addr 2400:8905::f03c:95ff:fe16:ae6f sent 3 packets to v6.valid.rov-check.nic.ad.jp and got 3 replies
2026-06-12 06:36:04 +0300 - [measure] - INFO - Probe 1014412 with src addr 2600:3c18::2000:ddff:fe01:6e8b sent 3 packets to v6.valid.rov-check.nic.ad.jp and got 3 replies
2026-06-12 06:36:04 +0300 - [measure] - INFO - Creating a measurement which will ping v6.valid.rov-check.nic.ad.jp from probes 60869
2026-06-12 06:36:04 +0300 - [measure] - INFO - Probe 1011110 with src addr 2a0b:4e07:310:ffcd::133 sent 3 packets to v6.valid.rov-check.nic.ad.jp and got 3 replies
2026-06-12 06:36:04 +0300 - [measure] - INFO - Creating a measurement which will ping v6.invalid.rov-check.nic.ad.jp from probes 60869
2026-06-12 06:36:04 +0300 - [measure] - INFO - Measurement status for ping target v6.invalid.rov-check.nic.ad.jp from 1006609 returned Stopped. Fetch the results.
2026-06-12 06:36:05 +0300 - [measure] - INFO - Measurement status for ping target v6.invalid.rov-check.nic.ad.jp from 1015744,1015752 returned Stopped. Fetch the results.
2026-06-12 06:36:05 +0300 - [measure] - INFO - Measurement status for ping target v6.invalid.rov-check.nic.ad.jp from 1001323 returned Stopped. Fetch the results.
2026-06-12 06:36:05 +0300 - [measure] - INFO - Probe 1006609 with src addr 240b:c010:611:cb7c::3:202 sent 3 packets to v6.invalid.rov-check.nic.ad.jp and got 3 replies
2026-06-12 06:36:05 +0300 - [measure] - INFO - Creating a measurement which will ping v6.valid.rov-check.nic.ad.jp from probes 1011589
2026-06-12 06:36:05 +0300 - [measure] - INFO - Probe 1015744 with src addr 2400:5320:0:3a00:a71a:5000:14:6979 sent 3 packets to v6.invalid.rov-check.nic.ad.jp and got 3 replies
2026-06-12 06:36:05 +0300 - [measure] - INFO - Probe 1015752 with src addr 2400:5320:0:2a00:a71a:5000:14:6979 sent 3 packets to v6.invalid.rov-check.nic.ad.jp and got 3 replies
2026-06-12 06:36:05 +0300 - [measure] - INFO - Creating a measurement which will ping v6.invalid.rov-check.nic.ad.jp from probes 1011589
2026-06-12 06:36:05 +0300 - [measure] - INFO - Probe 1001323 with src addr 2602:feda:c50::2 sent 3 packets to v6.invalid.rov-check.nic.ad.jp and got 0 replies
2026-06-12 06:36:05 +0300 - [measure] - INFO - Creating a measurement which will ping v6.valid.rov-check.nic.ad.jp from probes 1011557,1011587
2026-06-12 06:36:07 +0300 - [measure] - INFO - Measurement status for ping target v6.valid.rov-check.nic.ad.jp from 1015699 returned Stopped. Fetch the results.
2026-06-12 06:36:07 +0300 - [measure] - INFO - Measurement status for ping target v6.invalid.rov-check.nic.ad.jp from 1011110 returned Stopped. Fetch the results.
2026-06-12 06:36:07 +0300 - [measure] - INFO - Measurement status for ping target v6.valid.rov-check.nic.ad.jp from 1013167 returned Stopped. Fetch the results.
2026-06-12 06:36:07 +0300 - [measure] - INFO - Measurement status for ping target v6.invalid.rov-check.nic.ad.jp from 1015699 returned Stopped. Fetch the results.
2026-06-12 06:36:07 +0300 - [measure] - INFO - Probe 1015699 with src addr 2404:ff80:1001::2 sent 3 packets to v6.valid.rov-check.nic.ad.jp and got 3 replies
2026-06-12 06:36:07 +0300 - [measure] - INFO - Creating a measurement which will ping v6.invalid.rov-check.nic.ad.jp from probes 1011557,1011587
2026-06-12 06:36:07 +0300 - [measure] - INFO - Probe 1011110 with src addr 2a0b:4e07:310:ffcd::133 sent 3 packets to v6.invalid.rov-check.nic.ad.jp and got 3 replies
2026-06-12 06:36:07 +0300 - [measure] - INFO - Creating a measurement which will ping v6.valid.rov-check.nic.ad.jp from probes 6631
2026-06-12 06:36:07 +0300 - [measure] - INFO - Probe 1013167 with src addr 2402:2f60:500:beef:be24:11ff:fec4:c2cb sent 3 packets to v6.valid.rov-check.nic.ad.jp and got 3 replies
2026-06-12 06:36:07 +0300 - [measure] - INFO - Creating a measurement which will ping v6.invalid.rov-check.nic.ad.jp from probes 6631
2026-06-12 06:36:07 +0300 - [measure] - INFO - Measurement status for ping target v6.invalid.rov-check.nic.ad.jp from 1002023,1011387 returned Stopped. Fetch the results.
2026-06-12 06:36:07 +0300 - [measure] - INFO - Probe 1015699 with src addr 2404:ff80:1001::2 sent 3 packets to v6.invalid.rov-check.nic.ad.jp and got 3 replies
2026-06-12 06:36:07 +0300 - [measure] - INFO - Measurement status for ping target v6.invalid.rov-check.nic.ad.jp from 7663 returned Stopped. Fetch the results.
2026-06-12 06:36:08 +0300 - [measure] - INFO - Probe 7663 with src addr 2407:940:0:110::9 sent 3 packets to v6.invalid.rov-check.nic.ad.jp and got 3 replies
2026-06-12 06:36:08 +0300 - [measure] - INFO - Measurement status for ping target v6.valid.rov-check.nic.ad.jp from 7663 returned Stopped. Fetch the results.
2026-06-12 06:36:08 +0300 - [measure] - INFO - Measurement status for ping target v6.invalid.rov-check.nic.ad.jp from 1013167 returned Stopped. Fetch the results.
2026-06-12 06:36:08 +0300 - [measure] - INFO - Measurement status for ping target v6.valid.rov-check.nic.ad.jp from 1002023,1011387 returned Stopped. Fetch the results.
2026-06-12 06:36:08 +0300 - [measure] - INFO - Probe 7663 with src addr 2407:940:0:110::9 sent 3 packets to v6.valid.rov-check.nic.ad.jp and got 3 replies
2026-06-12 06:36:08 +0300 - [measure] - INFO - Measurement status for ping target v6.invalid.rov-check.nic.ad.jp from 65595 returned Stopped. Fetch the results.
2026-06-12 06:36:08 +0300 - [measure] - INFO - Measurement status for ping target v6.valid.rov-check.nic.ad.jp from 65595 returned Stopped. Fetch the results.
2026-06-12 06:36:08 +0300 - [measure] - INFO - Probe 1002023 with src addr 2001:df3:2680:a001::23 sent 3 packets to v6.invalid.rov-check.nic.ad.jp and got 0 replies
2026-06-12 06:36:08 +0300 - [measure] - INFO - Probe 1011387 with src addr 2401:d560:0:105:1c00:2ff:fe00:20a sent 3 packets to v6.invalid.rov-check.nic.ad.jp and got 0 replies
2026-06-12 06:36:08 +0300 - [measure] - INFO - Probe 1013167 with src addr 2402:2f60:500:beef:be24:11ff:fec4:c2cb sent 3 packets to v6.invalid.rov-check.nic.ad.jp and got 0 replies
2026-06-12 06:36:08 +0300 - [measure] - INFO - Probe 1002023 with src addr 2001:df3:2680:a001::23 sent 3 packets to v6.valid.rov-check.nic.ad.jp and got 3 replies
2026-06-12 06:36:08 +0300 - [measure] - INFO - Probe 1011387 with src addr 2401:d560:0:105:1c00:2ff:fe00:20a sent 3 packets to v6.valid.rov-check.nic.ad.jp and got 3 replies
2026-06-12 06:36:08 +0300 - [measure] - INFO - Probe 65595 with src addr 2401:4d47:4620:900:da58:d7ff:fe03:1029 sent 3 packets to v6.valid.rov-check.nic.ad.jp and got 3 replies
2026-06-12 06:36:08 +0300 - [measure] - INFO - Probe 65595 with src addr 2401:4d47:4620:900:da58:d7ff:fe03:1029 sent 3 packets to v6.invalid.rov-check.nic.ad.jp and got 3 replies
2026-06-12 06:36:08 +0300 - [measure] - INFO - Measurement status for ping target v6.valid.rov-check.nic.ad.jp from 1015744,1015752 returned Stopped. Fetch the results.
2026-06-12 06:36:08 +0300 - [measure] - INFO - Measurement status for ping target v6.invalid.rov-check.nic.ad.jp from 1003895,1005590,1010887,1014409,1014410,1014411,1014412 returned Stopped. Fetch the results.
2026-06-12 06:36:09 +0300 - [measure] - INFO - Measurement status for ping target v6.valid.rov-check.nic.ad.jp from 1001323 returned Stopped. Fetch the results.
2026-06-12 06:36:09 +0300 - [measure] - INFO - Probe 1015744 with src addr 2400:5320:0:3a00:a71a:5000:14:6979 sent 3 packets to v6.valid.rov-check.nic.ad.jp and got 3 replies
2026-06-12 06:36:09 +0300 - [measure] - INFO - Probe 1015752 with src addr 2400:5320:0:2a00:a71a:5000:14:6979 sent 3 packets to v6.valid.rov-check.nic.ad.jp and got 3 replies
2026-06-12 06:36:09 +0300 - [measure] - INFO - Measurement status for ping target v6.valid.rov-check.nic.ad.jp from 1006609 returned Stopped. Fetch the results.
2026-06-12 06:36:09 +0300 - [measure] - INFO - Probe 1001323 with src addr 2602:feda:c50::2 sent 3 packets to v6.valid.rov-check.nic.ad.jp and got 3 replies
2026-06-12 06:36:09 +0300 - [measure] - INFO - Probe 1006609 with src addr 240b:c010:611:cb7c::3:202 sent 3 packets to v6.valid.rov-check.nic.ad.jp and got 3 replies
2026-06-12 06:36:09 +0300 - [measure] - INFO - Probe 1003895 with src addr 2400:8902::f03c:93ff:fe91:b110 sent 3 packets to v6.invalid.rov-check.nic.ad.jp and got 3 replies
2026-06-12 06:36:09 +0300 - [measure] - INFO - Probe 1005590 with src addr 2400:8902::f03c:93ff:fe59:d286 sent 3 packets to v6.invalid.rov-check.nic.ad.jp and got 3 replies
2026-06-12 06:36:09 +0300 - [measure] - INFO - Probe 1010887 with src addr 2400:8902::f03c:93ff:fe35:3341 sent 3 packets to v6.invalid.rov-check.nic.ad.jp and got 3 replies
2026-06-12 06:36:09 +0300 - [measure] - INFO - Probe 1014409 with src addr 2600:3c18::2000:6cff:fefc:1e43 sent 3 packets to v6.invalid.rov-check.nic.ad.jp and got 3 replies
2026-06-12 06:36:09 +0300 - [measure] - INFO - Probe 1014410 with src addr 2600:3c18::f03c:95ff:fe69:2073 sent 3 packets to v6.invalid.rov-check.nic.ad.jp and got 3 replies
2026-06-12 06:36:09 +0300 - [measure] - INFO - Probe 1014411 with src addr 2400:8905::f03c:95ff:fe16:ae6f sent 3 packets to v6.invalid.rov-check.nic.ad.jp and got 0 replies
2026-06-12 06:36:09 +0300 - [measure] - INFO - Probe 1014412 with src addr 2600:3c18::2000:ddff:fe01:6e8b sent 3 packets to v6.invalid.rov-check.nic.ad.jp and got 3 replies
2026-06-12 06:44:06 +0300 - [measure] - INFO - Measurement status for ping target v6.valid.rov-check.nic.ad.jp from 1011589 returned Stopped. Fetch the results.
2026-06-12 06:44:06 +0300 - [measure] - INFO - Probe 1011589 with src addr 2a0a:6040:977b:a::a18c:4fb3 sent 3 packets to v6.valid.rov-check.nic.ad.jp and got 3 replies
2026-06-12 06:44:07 +0300 - [measure] - INFO - Measurement status for ping target v6.valid.rov-check.nic.ad.jp from 60869 returned Stopped. Fetch the results.
2026-06-12 06:44:07 +0300 - [measure] - INFO - Probe 60869 with src addr 2406:7ec0:1000:babe:da58:d7ff:fe03:568 sent 3 packets to v6.valid.rov-check.nic.ad.jp and got 3 replies
2026-06-12 06:44:07 +0300 - [measure] - INFO - Measurement status for ping target v6.invalid.rov-check.nic.ad.jp from 60869 returned Stopped. Fetch the results.
2026-06-12 06:44:07 +0300 - [measure] - INFO - Probe 60869 with src addr 2406:7ec0:1000:babe:da58:d7ff:fe03:568 sent 3 packets to v6.invalid.rov-check.nic.ad.jp and got 0 replies
2026-06-12 06:44:07 +0300 - [measure] - INFO - Measurement status for ping target v6.invalid.rov-check.nic.ad.jp from 6631 returned Stopped. Fetch the results.
2026-06-12 06:44:08 +0300 - [measure] - INFO - Probe 6631 with src addr 2a03:90c0:114::6e sent 3 packets to v6.invalid.rov-check.nic.ad.jp and got 0 replies
2026-06-12 06:44:08 +0300 - [measure] - INFO - Measurement status for ping target v6.invalid.rov-check.nic.ad.jp from 1011557,1011587 returned Stopped. Fetch the results.
2026-06-12 06:44:08 +0300 - [measure] - INFO - Probe 1011557 with src addr 2401:3fa0:11b::7 sent 3 packets to v6.invalid.rov-check.nic.ad.jp and got 0 replies
2026-06-12 06:44:08 +0300 - [measure] - INFO - Probe 1011587 with src addr 2401:3fa0:111:cafe::7 sent 3 packets to v6.invalid.rov-check.nic.ad.jp and got 3 replies
2026-06-12 06:44:09 +0300 - [measure] - INFO - Measurement status for ping target v6.valid.rov-check.nic.ad.jp from 6631 returned Stopped. Fetch the results.
2026-06-12 06:44:09 +0300 - [measure] - INFO - Probe 6631 with src addr 2a03:90c0:114::6e sent 3 packets to v6.valid.rov-check.nic.ad.jp and got 3 replies
2026-06-12 06:44:11 +0300 - [measure] - INFO - Measurement status for ping target v6.invalid.rov-check.nic.ad.jp from 1011589 returned Stopped. Fetch the results.
2026-06-12 06:44:11 +0300 - [measure] - INFO - Probe 1011589 with src addr 2a0a:6040:977b:a::a18c:4fb3 sent 3 packets to v6.invalid.rov-check.nic.ad.jp and got 0 replies
2026-06-12 06:44:12 +0300 - [measure] - INFO - Measurement status for ping target v6.valid.rov-check.nic.ad.jp from 1011557,1011587 returned Stopped. Fetch the results.
2026-06-12 06:44:12 +0300 - [measure] - INFO - Probe 1011557 with src addr 2401:3fa0:11b::7 sent 3 packets to v6.valid.rov-check.nic.ad.jp and got 3 replies
2026-06-12 06:44:12 +0300 - [measure] - INFO - Probe 1011587 with src addr 2401:3fa0:111:cafe::7 sent 3 packets to v6.valid.rov-check.nic.ad.jp and got 3 replies
2026-06-12 06:44:13 +0300 - [summarize_as_results] - INFO - AS 2497 (IIJ - Internet Initiative Japan Inc.); test: cloudflare; result: validating
2026-06-12 06:44:13 +0300 - [summarize_as_results] - INFO - AS 2497 (IIJ - Internet Initiative Japan Inc.); test: jpnic; result: not_validating
2026-06-12 06:44:13 +0300 - [summarize_as_results] - INFO - AS 2500 (WIDE-BB - WIDE Project); test: cloudflare; result: not_validating
2026-06-12 06:44:13 +0300 - [summarize_as_results] - INFO - AS 2500 (WIDE-BB - WIDE Project); test: jpnic; result: not_validating
2026-06-12 06:44:13 +0300 - [summarize_as_results] - INFO - AS 2514 (InfoSphere - NTT PC Communications, Inc.); test: cloudflare; result: not_validating
2026-06-12 06:44:13 +0300 - [summarize_as_results] - INFO - AS 2514 (InfoSphere - NTT PC Communications, Inc.); test: jpnic; result: not_validating
2026-06-12 06:44:13 +0300 - [summarize_as_results] - INFO - AS 2516 (KDDI - KDDI CORPORATION); test: cloudflare; result: not_validating
2026-06-12 06:44:13 +0300 - [summarize_as_results] - INFO - AS 2516 (KDDI - KDDI CORPORATION); test: jpnic; result: not_validating
2026-06-12 06:44:13 +0300 - [summarize_as_results] - INFO - AS 2518 (BIGLOBE - BIGLOBE Inc.); test: cloudflare; result: validating
2026-06-12 06:44:13 +0300 - [summarize_as_results] - INFO - AS 2518 (BIGLOBE - BIGLOBE Inc.); test: jpnic; result: not_validating
2026-06-12 06:44:13 +0300 - [summarize_as_results] - INFO - AS 2519 (VECTANT - ARTERIA Networks Corporation); test: cloudflare; result: not_validating
2026-06-12 06:44:13 +0300 - [summarize_as_results] - INFO - AS 2519 (VECTANT - ARTERIA Networks Corporation); test: jpnic; result: not_validating
2026-06-12 06:44:13 +0300 - [summarize_as_results] - INFO - AS 2523 (ITRC-NET - Internet Technology Research Consortium); test: cloudflare; result: not_validating
2026-06-12 06:44:13 +0300 - [summarize_as_results] - INFO - AS 2523 (ITRC-NET - Internet Technology Research Consortium); test: jpnic; result: not_validating
2026-06-12 06:44:13 +0300 - [summarize_as_results] - INFO - AS 2527 (So-net - Sony Network Communications Inc.); test: cloudflare; result: not_validating
2026-06-12 06:44:13 +0300 - [summarize_as_results] - INFO - AS 2527 (So-net - Sony Network Communications Inc.); test: jpnic; result: not_validating
2026-06-12 06:44:13 +0300 - [summarize_as_results] - INFO - AS 2907 (SINET-AS - Research Organization of Information and Systems, National Institute of Informatics); test: cloudflare; result: not_validating
2026-06-12 06:44:13 +0300 - [summarize_as_results] - INFO - AS 2907 (SINET-AS - Research Organization of Information and Systems, National Institute of Informatics); test: jpnic; result: not_validating
2026-06-12 06:44:13 +0300 - [summarize_as_results] - INFO - AS 3258 (XTOM-JAPAN xTom Japan Corporation); test: cloudflare; result: not_validating
2026-06-12 06:44:13 +0300 - [summarize_as_results] - INFO - AS 3258 (XTOM-JAPAN xTom Japan Corporation); test: jpnic; result: not_validating
2026-06-12 06:44:13 +0300 - [summarize_as_results] - INFO - AS 3491 (PCCWG-APAC-HK - PCCW Global (HK) Ltd.); test: cloudflare; result: validating
2026-06-12 06:44:13 +0300 - [summarize_as_results] - INFO - AS 3491 (PCCWG-APAC-HK - PCCW Global (HK) Ltd.); test: jpnic; result: validating
2026-06-12 06:44:13 +0300 - [summarize_as_results] - INFO - AS 4685 (ASAHI-NET - Asahi Net); test: cloudflare; result: not_validating
2026-06-12 06:44:13 +0300 - [summarize_as_results] - INFO - AS 4685 (ASAHI-NET - Asahi Net); test: jpnic; result: not_validating
2026-06-12 06:44:13 +0300 - [summarize_as_results] - INFO - AS 4694 (IDCF - IDC Frontier Inc.); test: cloudflare; result: not_validating
2026-06-12 06:44:13 +0300 - [summarize_as_results] - INFO - AS 4694 (IDCF - IDC Frontier Inc.); test: jpnic; result: not_validating
2026-06-12 06:44:13 +0300 - [summarize_as_results] - INFO - AS 4697 (NTTV6NET - Nippon Telegraph and Telephone Corporation); test: cloudflare; result: not_validating
2026-06-12 06:44:13 +0300 - [summarize_as_results] - INFO - AS 4697 (NTTV6NET - Nippon Telegraph and Telephone Corporation); test: jpnic; result: not_validating
2026-06-12 06:44:13 +0300 - [summarize_as_results] - INFO - AS 4713 (OCN - NTT DOCOMO BUSINESS,Inc.); test: cloudflare; result: validating
2026-06-12 06:44:13 +0300 - [summarize_as_results] - INFO - AS 4713 (OCN - NTT DOCOMO BUSINESS,Inc.); test: jpnic; result: not_validating
2026-06-12 06:44:13 +0300 - [summarize_as_results] - INFO - AS 4777 (APNIC-COLO - Asia Pacific Network Information Centre); test: cloudflare; result: not_validating
2026-06-12 06:44:13 +0300 - [summarize_as_results] - INFO - AS 4777 (APNIC-COLO - Asia Pacific Network Information Centre); test: jpnic; result: not_validating
2026-06-12 06:44:13 +0300 - [summarize_as_results] - INFO - AS 4785 (XTOM-AS-JP - xTom); test: cloudflare; result: not_validating
2026-06-12 06:44:13 +0300 - [summarize_as_results] - INFO - AS 4785 (XTOM-AS-JP - xTom); test: jpnic; result: not_validating
2026-06-12 06:44:13 +0300 - [summarize_as_results] - INFO - AS 6939 (HURRICANE - Hurricane Electric LLC); test: cloudflare; result: validating
2026-06-12 06:44:13 +0300 - [summarize_as_results] - INFO - AS 6939 (HURRICANE - Hurricane Electric LLC); test: jpnic; result: validating
2026-06-12 06:44:13 +0300 - [summarize_as_results] - INFO - AS 7506 (GMO-I-R1 - GMO Internet, Inc.); test: cloudflare; result: not_validating
2026-06-12 06:44:13 +0300 - [summarize_as_results] - INFO - AS 7506 (GMO-I-R1 - GMO Internet, Inc.); test: jpnic; result: not_validating
2026-06-12 06:44:13 +0300 - [summarize_as_results] - INFO - AS 7679 (QTNET - QTnet,Inc.); test: cloudflare; result: not_validating
2026-06-12 06:44:13 +0300 - [summarize_as_results] - INFO - AS 7679 (QTNET - QTnet,Inc.); test: jpnic; result: not_validating
2026-06-12 06:44:13 +0300 - [summarize_as_results] - INFO - AS 7684 (SAKURA-A - SAKURA Internet Inc.); test: cloudflare; result: not_validating
2026-06-12 06:44:13 +0300 - [summarize_as_results] - INFO - AS 7684 (SAKURA-A - SAKURA Internet Inc.); test: jpnic; result: not_validating
2026-06-12 06:44:13 +0300 - [summarize_as_results] - INFO - AS 9367 (ISCT - Institute of Science Tokyo); test: cloudflare; result: not_validating
2026-06-12 06:44:13 +0300 - [summarize_as_results] - INFO - AS 9367 (ISCT - Institute of Science Tokyo); test: jpnic; result: not_validating
2026-06-12 06:44:13 +0300 - [summarize_as_results] - INFO - AS 9370 (SAKURA-B - SAKURA Internet Inc.); test: cloudflare; result: not_validating
2026-06-12 06:44:13 +0300 - [summarize_as_results] - INFO - AS 9370 (SAKURA-B - SAKURA Internet Inc.); test: jpnic; result: not_validating
2026-06-12 06:44:13 +0300 - [summarize_as_results] - INFO - AS 9371 (SAKURA-C - SAKURA Internet Inc.); test: cloudflare; result: not_validating
2026-06-12 06:44:13 +0300 - [summarize_as_results] - INFO - AS 9371 (SAKURA-C - SAKURA Internet Inc.); test: jpnic; result: not_validating
2026-06-12 06:44:13 +0300 - [summarize_as_results] - INFO - AS 9595 (XEPHION - NTT-ME Corporation); test: cloudflare; result: inconclusive
2026-06-12 06:44:13 +0300 - [summarize_as_results] - INFO - AS 9595 (XEPHION - NTT-ME Corporation); test: jpnic; result: inconclusive
2026-06-12 06:44:13 +0300 - [summarize_as_results] - INFO - AS 9600 (SONYTELECOM - So-net Corporation); test: cloudflare; result: not_validating
2026-06-12 06:44:13 +0300 - [summarize_as_results] - INFO - AS 9600 (SONYTELECOM - So-net Corporation); test: jpnic; result: not_validating
2026-06-12 06:44:13 +0300 - [summarize_as_results] - INFO - AS 9824 (JTCL-JP-AS - JCOM Co., Ltd.); test: cloudflare; result: validating
2026-06-12 06:44:13 +0300 - [summarize_as_results] - INFO - AS 9824 (JTCL-JP-AS - JCOM Co., Ltd.); test: jpnic; result: validating
2026-06-12 06:44:13 +0300 - [summarize_as_results] - INFO - AS 10010 (TOKAI - TOKAI Communications Corporation); test: cloudflare; result: not_validating
2026-06-12 06:44:13 +0300 - [summarize_as_results] - INFO - AS 10010 (TOKAI - TOKAI Communications Corporation); test: jpnic; result: inconclusive
2026-06-12 06:44:13 +0300 - [summarize_as_results] - INFO - AS 14593 (SPACEX-STARLINK - Space Exploration Technologies Corporation); test: cloudflare; result: not_validating
2026-06-12 06:44:13 +0300 - [summarize_as_results] - INFO - AS 14593 (SPACEX-STARLINK - Space Exploration Technologies Corporation); test: jpnic; result: not_validating
2026-06-12 06:44:13 +0300 - [summarize_as_results] - INFO - AS 16509 (AMAZON-02 - Amazon.com, Inc.); test: cloudflare; result: validating
2026-06-12 06:44:13 +0300 - [summarize_as_results] - INFO - AS 16509 (AMAZON-02 - Amazon.com, Inc.); test: jpnic; result: validating
2026-06-12 06:44:13 +0300 - [summarize_as_results] - INFO - AS 16552 (DIGICERT - Tiggee LLC); test: cloudflare; result: inconclusive
2026-06-12 06:44:13 +0300 - [summarize_as_results] - INFO - AS 16552 (DIGICERT - Tiggee LLC); test: jpnic; result: inconclusive
2026-06-12 06:44:13 +0300 - [summarize_as_results] - INFO - AS 17511 (OPTAGE - OPTAGE Inc.); test: cloudflare; result: not_validating
2026-06-12 06:44:13 +0300 - [summarize_as_results] - INFO - AS 17511 (OPTAGE - OPTAGE Inc.); test: jpnic; result: not_validating
2026-06-12 06:44:13 +0300 - [summarize_as_results] - INFO - AS 17529 (MediaCat - STARCAT Co .,LTD.); test: cloudflare; result: not_validating
2026-06-12 06:44:13 +0300 - [summarize_as_results] - INFO - AS 17529 (MediaCat - STARCAT Co .,LTD.); test: jpnic; result: not_validating
2026-06-12 06:44:13 +0300 - [summarize_as_results] - INFO - AS 17676 (GIGAINFRA - SoftBank Corp.); test: cloudflare; result: validating
2026-06-12 06:44:13 +0300 - [summarize_as_results] - INFO - AS 17676 (GIGAINFRA - SoftBank Corp.); test: jpnic; result: validating
2026-06-12 06:44:13 +0300 - [summarize_as_results] - INFO - AS 18126 (CTCX - Chubu Telecommunications Company, Inc.); test: cloudflare; result: not_validating
2026-06-12 06:44:13 +0300 - [summarize_as_results] - INFO - AS 18126 (CTCX - Chubu Telecommunications Company, Inc.); test: jpnic; result: not_validating
2026-06-12 06:44:13 +0300 - [summarize_as_results] - INFO - AS 18526 (DDPS - DDPS Networks, LLC); test: cloudflare; result: not_validating
2026-06-12 06:44:13 +0300 - [summarize_as_results] - INFO - AS 18526 (DDPS - DDPS Networks, LLC); test: jpnic; result: not_validating
2026-06-12 06:44:13 +0300 - [summarize_as_results] - INFO - AS 20326 (TERASWITCH - TeraSwitch Networks Inc.); test: cloudflare; result: not_validating
2026-06-12 06:44:13 +0300 - [summarize_as_results] - INFO - AS 20326 (TERASWITCH - TeraSwitch Networks Inc.); test: jpnic; result: not_validating
2026-06-12 06:44:13 +0300 - [summarize_as_results] - INFO - AS 20473 (AS-VULTR - The Constant Company, LLC); test: cloudflare; result: validating
2026-06-12 06:44:13 +0300 - [summarize_as_results] - INFO - AS 20473 (AS-VULTR - The Constant Company, LLC); test: jpnic; result: validating
2026-06-12 06:44:13 +0300 - [summarize_as_results] - INFO - AS 22439 (PERFECT-INTERNATIONAL - Perfect International, Inc); test: cloudflare; result: validating
2026-06-12 06:44:13 +0300 - [summarize_as_results] - INFO - AS 22439 (PERFECT-INTERNATIONAL - Perfect International, Inc); test: jpnic; result: validating
2026-06-12 06:44:13 +0300 - [summarize_as_results] - INFO - AS 24282 (KIR - KAGOYA JAPAN Inc.); test: cloudflare; result: not_validating
2026-06-12 06:44:13 +0300 - [summarize_as_results] - INFO - AS 24282 (KIR - KAGOYA JAPAN Inc.); test: jpnic; result: not_validating
2026-06-12 06:44:13 +0300 - [summarize_as_results] - INFO - AS 25820 (IT7NET - IT7 Networks Inc); test: cloudflare; result: validating
2026-06-12 06:44:13 +0300 - [summarize_as_results] - INFO - AS 25820 (IT7NET - IT7 Networks Inc); test: jpnic; result: validating
2026-06-12 06:44:13 +0300 - [summarize_as_results] - INFO - AS 30058 (FDCSERVERS - FDCservers.net); test: cloudflare; result: not_validating
2026-06-12 06:44:13 +0300 - [summarize_as_results] - INFO - AS 30058 (FDCSERVERS - FDCservers.net); test: jpnic; result: not_validating
2026-06-12 06:44:13 +0300 - [summarize_as_results] - INFO - AS 31898 (ORACLE-BMC-31898 - Oracle Corporation); test: cloudflare; result: not_validating
2026-06-12 06:44:13 +0300 - [summarize_as_results] - INFO - AS 31898 (ORACLE-BMC-31898 - Oracle Corporation); test: jpnic; result: not_validating
2026-06-12 06:44:13 +0300 - [summarize_as_results] - INFO - AS 38635 (KEIO-NET - Keio University); test: cloudflare; result: inconclusive
2026-06-12 06:44:13 +0300 - [summarize_as_results] - INFO - AS 38635 (KEIO-NET - Keio University); test: jpnic; result: inconclusive
2026-06-12 06:44:13 +0300 - [summarize_as_results] - INFO - AS 45102 (ALIBABA-CN-NET - Alibaba (US) Technology Co., Ltd.); test: cloudflare; result: validating
2026-06-12 06:44:13 +0300 - [summarize_as_results] - INFO - AS 45102 (ALIBABA-CN-NET - Alibaba (US) Technology Co., Ltd.); test: jpnic; result: validating
2026-06-12 06:44:13 +0300 - [summarize_as_results] - INFO - AS 45679 (TOMOCHA-NET - Tatsumi, Tomo); test: cloudflare; result: validating
2026-06-12 06:44:13 +0300 - [summarize_as_results] - INFO - AS 45679 (TOMOCHA-NET - Tatsumi, Tomo); test: jpnic; result: validating
2026-06-12 06:44:13 +0300 - [summarize_as_results] - INFO - AS 46997 (NATOLAB - Black Mesa Corporation); test: cloudflare; result: validating
2026-06-12 06:44:13 +0300 - [summarize_as_results] - INFO - AS 46997 (NATOLAB - Black Mesa Corporation); test: jpnic; result: validating
2026-06-12 06:44:13 +0300 - [summarize_as_results] - INFO - AS 49544 (i3Dnet i3D.net B.V); test: cloudflare; result: not_validating
2026-06-12 06:44:13 +0300 - [summarize_as_results] - INFO - AS 49544 (i3Dnet i3D.net B.V); test: jpnic; result: not_validating
2026-06-12 06:44:13 +0300 - [summarize_as_results] - INFO - AS 55391 (MF-NATIVE6-E - INTERNET MULTIFEED CO.); test: cloudflare; result: not_validating
2026-06-12 06:44:13 +0300 - [summarize_as_results] - INFO - AS 55391 (MF-NATIVE6-E - INTERNET MULTIFEED CO.); test: jpnic; result: not_validating
2026-06-12 06:44:13 +0300 - [summarize_as_results] - INFO - AS 55392 (MF-NATIVE6-W - INTERNET MULTIFEED CO.); test: cloudflare; result: not_validating
2026-06-12 06:44:13 +0300 - [summarize_as_results] - INFO - AS 55392 (MF-NATIVE6-W - INTERNET MULTIFEED CO.); test: jpnic; result: not_validating
2026-06-12 06:44:13 +0300 - [summarize_as_results] - INFO - AS 55569 (CRITEO-AS-AP - Criteo APAC); test: cloudflare; result: not_validating
2026-06-12 06:44:13 +0300 - [summarize_as_results] - INFO - AS 55569 (CRITEO-AS-AP - Criteo APAC); test: jpnic; result: not_validating
2026-06-12 06:44:13 +0300 - [summarize_as_results] - INFO - AS 55911 (kazukichi - kazukichi); test: cloudflare; result: not_validating
2026-06-12 06:44:13 +0300 - [summarize_as_results] - INFO - AS 55911 (kazukichi - kazukichi); test: jpnic; result: not_validating
2026-06-12 06:44:13 +0300 - [summarize_as_results] - INFO - AS 59105 (HOMENOC - Home NOC Operators Group); test: cloudflare; result: validating
2026-06-12 06:44:13 +0300 - [summarize_as_results] - INFO - AS 59105 (HOMENOC - Home NOC Operators Group); test: jpnic; result: validating
2026-06-12 06:44:13 +0300 - [summarize_as_results] - INFO - AS 59128 (KMC - Kyoto University Microcomputer Club); test: cloudflare; result: validating
2026-06-12 06:44:13 +0300 - [summarize_as_results] - INFO - AS 59128 (KMC - Kyoto University Microcomputer Club); test: jpnic; result: validating
2026-06-12 06:44:13 +0300 - [summarize_as_results] - INFO - AS 60068 (CDN77 Datacamp Limited); test: cloudflare; result: not_validating
2026-06-12 06:44:13 +0300 - [summarize_as_results] - INFO - AS 60068 (CDN77 Datacamp Limited); test: jpnic; result: not_validating
2026-06-12 06:44:13 +0300 - [summarize_as_results] - INFO - AS 61112 (AkileCloud AKILE LTD); test: cloudflare; result: not_validating
2026-06-12 06:44:13 +0300 - [summarize_as_results] - INFO - AS 61112 (AkileCloud AKILE LTD); test: jpnic; result: validating
2026-06-12 06:44:13 +0300 - [summarize_as_results] - INFO - AS 63771 (BGPNAP - Border Gateway Protocol Network Analysis Project); test: cloudflare; result: validating
2026-06-12 06:44:13 +0300 - [summarize_as_results] - INFO - AS 63771 (BGPNAP - Border Gateway Protocol Network Analysis Project); test: jpnic; result: validating
2026-06-12 06:44:13 +0300 - [summarize_as_results] - INFO - AS 63781 (KFNET-AS - Kobayashi Family Net LLP); test: cloudflare; result: validating
2026-06-12 06:44:13 +0300 - [summarize_as_results] - INFO - AS 63781 (KFNET-AS - Kobayashi Family Net LLP); test: jpnic; result: validating
2026-06-12 06:44:13 +0300 - [summarize_as_results] - INFO - AS 63797 (CUTEIP - CuteIP); test: cloudflare; result: inconclusive
2026-06-12 06:44:13 +0300 - [summarize_as_results] - INFO - AS 63797 (CUTEIP - CuteIP); test: jpnic; result: inconclusive
2026-06-12 06:44:13 +0300 - [summarize_as_results] - INFO - AS 63806 (MENHERA - Human-life Information Platforms Institute); test: cloudflare; result: validating
2026-06-12 06:44:13 +0300 - [summarize_as_results] - INFO - AS 63806 (MENHERA - Human-life Information Platforms Institute); test: jpnic; result: validating
2026-06-12 06:44:13 +0300 - [summarize_as_results] - INFO - AS 63949 (AKAMAI-LINODE-AP - Akamai Connected Cloud); test: cloudflare; result: not_validating
2026-06-12 06:44:13 +0300 - [summarize_as_results] - INFO - AS 63949 (AKAMAI-LINODE-AP - Akamai Connected Cloud); test: jpnic; result: not_validating
2026-06-12 06:44:13 +0300 - [summarize_as_results] - INFO - AS 64096 (BIH-Global - INTERNET HARBOR INTERNATIONAL CO.,LIMITED); test: cloudflare; result: not_validating
2026-06-12 06:44:13 +0300 - [summarize_as_results] - INFO - AS 64096 (BIH-Global - INTERNET HARBOR INTERNATIONAL CO.,LIMITED); test: jpnic; result: not_validating
2026-06-12 06:44:13 +0300 - [summarize_as_results] - INFO - AS 131925 (CYBERHOME2 - FAMILY NET JAPAN INCORPORATED); test: cloudflare; result: not_validating
2026-06-12 06:44:13 +0300 - [summarize_as_results] - INFO - AS 131925 (CYBERHOME2 - FAMILY NET JAPAN INCORPORATED); test: jpnic; result: not_validating
2026-06-12 06:44:13 +0300 - [summarize_as_results] - INFO - AS 131971 (AS131971-67 - JPNIC-4Byte-ASBLOCK-AP); test: cloudflare; result: not_validating
2026-06-12 06:44:13 +0300 - [summarize_as_results] - INFO - AS 131971 (AS131971-67 - JPNIC-4Byte-ASBLOCK-AP); test: jpnic; result: not_validating
2026-06-12 06:44:13 +0300 - [summarize_as_results] - INFO - AS 134351 (LEASEWEB-AS-AP - Leaseweb Japan K.K.); test: cloudflare; result: not_validating
2026-06-12 06:44:13 +0300 - [summarize_as_results] - INFO - AS 134351 (LEASEWEB-AS-AP - Leaseweb Japan K.K.); test: jpnic; result: validating
2026-06-12 06:44:13 +0300 - [summarize_as_results] - INFO - AS 138384 (RMNI-AS-AP - Rakuten Mobile Network, Inc.); test: cloudflare; result: not_validating
2026-06-12 06:44:13 +0300 - [summarize_as_results] - INFO - AS 138384 (RMNI-AS-AP - Rakuten Mobile Network, Inc.); test: jpnic; result: not_validating
2026-06-12 06:44:13 +0300 - [summarize_as_results] - INFO - AS 141682 (AIPL-AS-AP - APIDT Infrastructure Pty Ltd); test: cloudflare; result: not_validating
2026-06-12 06:44:13 +0300 - [summarize_as_results] - INFO - AS 141682 (AIPL-AS-AP - APIDT Infrastructure Pty Ltd); test: jpnic; result: not_validating
2026-06-12 06:44:13 +0300 - [summarize_as_results] - INFO - AS 141995 (CAPL-AS-AP - Contabo Asia Private Limited); test: cloudflare; result: not_validating
2026-06-12 06:44:13 +0300 - [summarize_as_results] - INFO - AS 141995 (CAPL-AS-AP - Contabo Asia Private Limited); test: jpnic; result: validating
2026-06-12 06:44:13 +0300 - [summarize_as_results] - INFO - AS 142616 (MNI-AS-AP - Misaka Network, Inc.); test: cloudflare; result: not_validating
2026-06-12 06:44:13 +0300 - [summarize_as_results] - INFO - AS 142616 (MNI-AS-AP - Misaka Network, Inc.); test: jpnic; result: not_validating
2026-06-12 06:44:13 +0300 - [summarize_as_results] - INFO - AS 146979 (SUNDAICHI - University of Nagasaki); test: cloudflare; result: not_validating
2026-06-12 06:44:13 +0300 - [summarize_as_results] - INFO - AS 146979 (SUNDAICHI - University of Nagasaki); test: jpnic; result: not_validating
2026-06-12 06:44:13 +0300 - [summarize_as_results] - INFO - AS 149020 (WEBHORIZON-AS-AP - WebHorizon Internet Services); test: cloudflare; result: validating
2026-06-12 06:44:13 +0300 - [summarize_as_results] - INFO - AS 149020 (WEBHORIZON-AS-AP - WebHorizon Internet Services); test: jpnic; result: validating
2026-06-12 06:44:13 +0300 - [summarize_as_results] - INFO - AS 150325 (TSUKUDANI-NETWORK - TSUKUDANI NETWORK); test: cloudflare; result: validating
2026-06-12 06:44:13 +0300 - [summarize_as_results] - INFO - AS 150325 (TSUKUDANI-NETWORK - TSUKUDANI NETWORK); test: jpnic; result: validating
2026-06-12 06:44:13 +0300 - [summarize_as_results] - INFO - AS 152184 (TAMUKAINET-AS-AP - Tamukai Network); test: cloudflare; result: not_validating
2026-06-12 06:44:13 +0300 - [summarize_as_results] - INFO - AS 152184 (TAMUKAINET-AS-AP - Tamukai Network); test: jpnic; result: not_validating
2026-06-12 06:44:13 +0300 - [summarize_as_results] - INFO - AS 152873 (NEODY-NET - Neodyland); test: cloudflare; result: not_validating
2026-06-12 06:44:13 +0300 - [summarize_as_results] - INFO - AS 152873 (NEODY-NET - Neodyland); test: jpnic; result: validating
2026-06-12 06:44:13 +0300 - [summarize_as_results] - INFO - AS 199524 (GCORE G-Core Labs S.A.); test: cloudflare; result: validating
2026-06-12 06:44:13 +0300 - [summarize_as_results] - INFO - AS 199524 (GCORE G-Core Labs S.A.); test: jpnic; result: validating
2026-06-12 06:44:13 +0300 - [summarize_as_results] - INFO - AS 212425 (Fubuki-Network Yuna Lee); test: cloudflare; result: validating
2026-06-12 06:44:13 +0300 - [summarize_as_results] - INFO - AS 212425 (Fubuki-Network Yuna Lee); test: jpnic; result: validating
2026-06-12 06:44:13 +0300 - [summarize_as_results] - INFO - AS 214675 (Starlamp Hidenori Matsuo); test: cloudflare; result: validating
2026-06-12 06:44:13 +0300 - [summarize_as_results] - INFO - AS 214675 (Starlamp Hidenori Matsuo); test: jpnic; result: not_validating
2026-06-12 06:44:14 +0300 - [generate_graph] - INFO - Graph successfully saved to "jp_v6_rov_analysis_12062026.png"
country,validating_asns,not_validating_asns,inconclusive_asns,protocol
jp,20,53,4,ipv6
